"pitch_type","game_date","release_speed","release_pos_x","release_pos_z","player_name","batter","pitcher","events","description","spin_dir","spin_rate_deprecated","break_angle_deprecated","break_length_deprecated","zone","des","game_type","stand","p_throws","home_team","away_team","type","hit_location","bb_type","balls","strikes","game_year","pfx_x","pfx_z","plate_x","plate_z","on_3b","on_2b","on_1b","outs_when_up","inning","inning_topbot","hc_x","hc_y","tfs_deprecated","tfs_zulu_deprecated","umpire","sv_id","vx0","vy0","vz0","ax","ay","az","sz_top","sz_bot","hit_distance_sc","launch_speed","launch_angle","effective_speed","release_spin_rate","release_extension","game_pk","fielder_2","fielder_3","fielder_4","fielder_5","fielder_6","fielder_7","fielder_8","fielder_9","release_pos_y","estimated_ba_using_speedangle","estimated_woba_using_speedangle","woba_value","woba_denom","babip_value","iso_value","launch_speed_angle","at_bat_number","pitch_number","pitch_name","home_score","away_score","bat_score","fld_score","post_away_score","post_home_score","post_bat_score","post_fld_score","if_fielding_alignment","of_fielding_alignment","spin_axis","delta_home_win_exp","delta_run_exp","bat_speed","swing_length","miss_distance","estimated_slg_using_speedangle","delta_pitcher_run_exp","hyper_speed","home_score_diff","bat_score_diff","home_win_exp","bat_win_exp","age_pit_legacy","age_bat_legacy","age_pit","age_bat","n_thruorder_pitcher","n_priorpa_thisgame_player_at_bat","pitcher_days_since_prev_game","batter_days_since_prev_game","pitcher_days_until_next_game","batter_days_until_next_game","api_break_z_with_gravity","api_break_x_arm","api_break_x_batter_in","arm_angle","attack_angle","attack_direction","swing_path_tilt","intercept_ball_minus_batter_pos_x_inches","intercept_ball_minus_batter_pos_y_inches"
"SI","2024-06-01","93.4","-2.02","5.74","Springer, George",543807,656605,"field_out","hit_into_play",,,,,8,"George Springer lines out sharply to center fielder Michael A. Taylor.","R","R","R","TOR","PIT","X",8,"line_drive",1,1,2024,"-1.15","0.57",-0.11403618807292148,2.1483222128566934,,,596129,2,6,"Bot",139.55,60.49,,,,,7.455446812417844,-135.77368699989677,-4.766549810316953,-15.845481539907123,28.88552009035079,-24.25995056468916,3.74,1.71,345,"107.7",16,"93.6",2422,"6.4",744932,518735,656582,669707,663647,693304,668804,572191,658668,"54.09",0.458,0.651,"0",1,0,0,6,52,3,"Sinker",1,6,1,6,6,1,1,6,"Standard","Standard",212,"-0.009","-0.256","75.5","7.4",,1.131,"0.256","107.7",-5,-5,0.041,0.041,28,34,28,35,3,2,7,1,6,1,"2.04","1.15","1.15","31.9",7.1467112437531535,-1.0315621680239289,38.64550454686892,36.37542586617758,20.7860344781681
"SL","2024-06-01","87.6","-1.87","5.88","Springer, George",543807,656605,,"ball",,,,,14,,"R","R","R","TOR","PIT","B",,,0,1,2024,"0.38","0.19",1.4277412862703747,0.8655482983903302,,,596129,2,6,"Bot",,,,,,,7.219243356167893,-127.43145776946714,-6.5015107756949,2.9233289280122277,21.72635146760301,-29.082230290075422,3.74233903104129,1.7198036887585,,,,"88.5",2482,"6.5",744932,518735,656582,669707,663647,693304,668804,572191,658668,"54",,,,,,,,52,2,"Slider",1,6,1,6,6,1,1,6,"Standard","Standard",156,"0","0.032",,,,,"-0.032",,-5,-5,0.041,0.041,28,34,28,35,3,2,7,1,6,1,"2.74","-0.38","-0.38","38.4",,,,,
"FC","2024-06-01","89.6","-1.89","5.89","Springer, George",543807,656605,,"foul",,,,,14,,"R","R","R","TOR","PIT","S",,,0,0,2024,"0.39","0.63",0.8685360724924492,2.7137156428732476,,,596129,2,6,"Bot",,,,,,,6.03126040052579,-130.51616168798526,-3.2914652270328606,3.3794087634461802,23.405586177313797,-24.502676217120193,3.74,1.71,226,"75.4",39,"90.5",2257,"6.4",744932,518735,656582,669707,663647,693304,668804,572191,658668,"54.06",,,,,,,,52,1,"Cutter",1,6,1,6,6,1,1,6,"Standard","Standard",192,"-0.001","-0.047","68.3","7.4",,,"0.047","88.0",-5,-5,0.042,0.042,28,34,28,35,3,2,7,1,6,1,"2.17","-0.39","-0.39","37.3",3.8250618938023178,11.67532952903773,30.3773213030018,48.005361981465384,13.032585271128136
"SI","2024-06-01","93","-2.23","5.6","Vogelbach, Daniel",596129,656605,"single","hit_into_play",,,,,7,"Daniel Vogelbach singles on a line drive to center fielder Michael A. Taylor. Vladimir Guerrero Jr. scores.","R","L","R","TOR","PIT","X",8,"line_drive",0,2,2024,"-1.19","0.93",-0.6596919171558258,1.7864150023757508,,665489,,2,6,"Bot",108.34,88.57,,,,,6.635915240279585,-135.36709525524077,-6.087191114915902,-16.078434951167115,26.573741281517645,-19.63886184829593,3.3,1.6,255,"75.1",25,"93.4",2314,"6.3",744932,518735,656582,669707,663647,693304,668804,572191,658668,"54.22",0.813,0.776,"0.9",1,1,0,4,51,3,"Sinker",0,6,0,6,6,1,1,6,"Standard","Standard",229,"0.021","0.778","70.0","7.8",,0.922,"-0.778","88.0",-6,-6,0.021,0.021,28,31,28,32,3,2,7,1,6,1,"1.68","1.19","-1.19","28.7",7.554568196499832,3.2076880153090728,32.83627102335802,48.41175297540898,33.21797239606222
"SL","2024-06-01","86.1","-1.89","5.92","Vogelbach, Daniel",596129,656605,,"foul",,,,,9,,"R","L","R","TOR","PIT","S",,,0,1,2024,"0.35","-0.06",0.7150550096425806,1.7168950375569554,,665489,,2,6,"Bot",,,,,,,5.51682450467279,-125.32329349169595,-3.7223841218074085,2.761982160048707,22.447999448842985,-32.29169024418767,3.3,1.6,6,"95.3",-15,"87.3",2486,"6.8",744932,518735,656582,669707,663647,693304,668804,572191,658668,"53.73",,,,,,,,51,2,"Slider",0,6,0,6,6,0,0,6,"Standard","Standard",108,"-0.002","-0.067","70.6","8.4",,,"0.067","95.3",-6,-6,0.023,0.023,28,31,28,32,3,2,7,1,6,1,"3.1","-0.35","0.35","41.9",18.828718669561713,-20.031453162400016,40.99792569311587,32.827933383781556,41.99698961420877
"FC","2024-06-01","89.8","-2.02","5.84","Vogelbach, Daniel",596129,656605,,"foul",,,,,12,,"R","L","R","TOR","PIT","S",,,0,0,2024,"0.35","0.45",1.0767619524995244,2.8897861279981623,,665489,,2,6,"Bot",,,,,,,6.932277070545942,-130.8530811032598,-2.395913582087617,2.955238945245417,22.20248073600089,-26.731158257503214,3.3,1.6,8,"94.8",-20,"90.7",2375,"6.3",744932,518735,656582,669707,663647,693304,668804,572191,658668,"54.15",,,,,,,,51,1,"Cutter",0,6,0,6,6,0,0,6,"Standard","Standard",196,"-0.001","-0.04","80.6","8.5",,,"0.04","94.8",-6,-6,0.024,0.024,28,31,28,32,3,2,7,1,6,1,"2.33","-0.35","0.35","33.5",21.755329171074973,-34.03477442325784,32.06515532106472,27.22224395028208,43.92262872994189
"SL","2024-06-01","86.5","-1.87","5.89","Bichette, Bo",666182,656605,"field_out","hit_into_play",,,,,14,"Bo Bichette lines out, pitcher Mitch Keller to first baseman Connor Joe. Vladimir Guerrero Jr. to 2nd.","R","R","R","TOR","PIT","X",1,"line_drive",0,0,2024,"0.43","0.01",0.6665615486736672,1.4605710351252177,,,665489,1,6,"Bot",128.53,185.29,,,,,5.195963517624634,-125.9236482488794,-4.413895331196523,3.582402289891448,23.898672354918975,-31.465834097879505,3.68,1.69,105,"102.6",4,"87",2329,"6.5",744932,518735,656582,669707,663647,693304,668804,572191,658668,"54.04",0.584,0.547,"0",1,0,0,4,50,1,"Slider",0,6,0,6,6,0,0,6,"Strategic","Standard",117,"-0.009","-0.255","74.3","7.7",,0.659,"0.255","102.6",-6,-6,0.033,0.033,28,26,28,26,3,2,7,1,6,1,"3.02","-0.43","-0.43","39.5",-3.1745361861468675,4.592144126530849,40.11766086996435,40.90793484653102,24.72431592118238
"ST","2024-06-01","82.5","-1.99","5.73","Guerrero Jr., Vladimir",665489,656605,"single","hit_into_play",,,,,9,"Vladimir Guerrero Jr. singles on a ground ball to left fielder Bryan Reynolds.","R","R","R","TOR","PIT","X",7,"ground_ball",1,1,2024,"1.29","-0.1",0.4513502603272461,1.9163307442177189,,,,1,6,"Bot",82.31,120.91,,,,,3.0456649590428713,-120.17416123650347,-2.0218432009112437,12.012250662780707,22.19623839026372,-32.93650994948427,3.69,1.7,101,"94.6",6,"83",2759,"6.5",744932,518735,656582,669707,663647,693304,668804,572191,658668,"54.01",0.532,0.487,"0.9",1,1,0,4,49,3,"Sweeper",0,6,0,6,6,0,0,6,"Standard","Standard",71,"0.009","0.434","74.9","8.3",,0.602,"-0.434","94.6",-6,-6,0.024,0.024,28,25,28,25,3,2,7,1,6,1,"3.42","-1.29","-1.29","32.5",9.842607646532036,-12.206829177891837,29.413104948526435,44.65605147824269,42.2581191547507
"FF","2024-06-01","92.1","-1.92","5.79","Guerrero Jr., Vladimir",665489,656605,,"foul",,,,,11,,"R","R","R","TOR","PIT","S",,,1,0,2024,"-0.63","1.3",-1.068664471739142,3.2050315737006043,,,,1,6,"Bot",,,,,,,3.5176999588293922,-134.16500738701484,-3.5561198527116225,-8.350199667473165,28.781839250180564,-15.952259390727006,3.69,1.7,134,"55.7",58,"92.3",2405,"6.3",744932,518735,656582,669707,663647,693304,668804,572191,658668,"54.2",,,,,,,,49,2,"4-Seam Fastball",0,6,0,6,6,0,0,6,"Standard","Standard",212,"-0.001","-0.051","70.6","6.4",,,"0.051","88.0",-6,-6,0.025,0.025,28,25,28,25,3,2,7,1,6,1,"1.38","0.63","0.63","34.1",-0.3824290046676551,14.080036682616324,29.752796413534853,27.097693161966575,26.770498965648475
"SI","2024-06-01","92.1","-2.03","5.7","Guerrero Jr., Vladimir",665489,656605,,"ball",,,,,11,,"R","R","R","TOR","PIT","B",,,0,0,2024,"-1.17","0.97",-1.1984545148629,2.724343037545517,,,,1,6,"Bot",,,,,,,4.649922022484684,-134.03898436459835,-3.8194382007988876,-15.07774126469459,29.871559634645422,-19.91453440971306,3.73499758668646,1.64937098859594,,,,"92.1",2347,"6.3",744932,518735,656582,669707,663647,693304,668804,572191,658668,"54.18",,,,,,,,49,1,"Sinker",0,6,0,6,6,0,0,6,"Standard","Standard",222,"0.001","0.039",,,,,"-0.039",,-6,-6,0.024,0.024,28,25,28,25,3,2,7,1,6,1,"1.73","1.17","1.17","29.5",,,,,
"FF","2024-06-01","93.1","-1.91","5.77","Varsho, Daulton",662139,656605,"strikeout","swinging_strike",,,,,1,"Daulton Varsho strikes out swinging.","R","L","R","TOR","PIT","S",2,,1,2,2024,"-0.62","1.38",-0.4689149649417963,2.787698313893568,,,,0,6,"Bot",,,,,,,5.052503550733187,-135.45631565029095,-4.902137062457197,-8.721495040644166,30.09316723836469,-14.290502700099522,3.16,1.4,,,,"93.1",2380,"6.4",744932,518735,656582,669707,663647,693304,668804,572191,658668,"54.14",,0,"0",1,0,0,,48,4,"4-Seam Fastball",0,6,0,6,6,0,0,6,"Standard","Standard",222,"-0.006","-0.186","74.0","7.2","0.402944256",,"0.186",,-6,-6,0.03,0.03,28,27,28,28,3,2,7,3,6,1,"1.25","0.62","-0.62","31.6",6.69487132251633,6.1453214628451445,32.12402902446226,39.178140390829824,20.508137264293495
"SI","2024-06-01","92.4","-2.09","5.74","Varsho, Daulton",662139,656605,,"ball",,,,,11,,"R","L","R","TOR","PIT","B",,,0,2,2024,"-1.18","0.6",-1.875426729768513,3.6772384374795606,,,,0,6,"Bot",,,,,,,3.1037011397289755,-134.44795092463494,-0.6885613379446561,-14.936631217484305,31.63571973006437,-25.025778205528923,3.15646773427637,1.46350529526475,,,,"92",2457,"6.3",744932,518735,656582,669707,663647,693304,668804,572191,658668,"54.23",,,,,,,,48,3,"Sinker",0,6,0,6,6,0,0,6,"Standard","Standard",221,"0.001","0.023",,,,,"-0.023",,-6,-6,0.029,0.029,28,27,28,28,3,2,7,3,6,1,"2.09","1.18","-1.18","29.1",,,,,
"SL","2024-06-01","85.8","-1.86","5.94","Varsho, Daulton",662139,656605,,"foul",,,,,5,,"R","L","R","TOR","PIT","S",,,0,1,2024,"0.48","0.02",0.10310504825033012,2.556594345948658,,,,0,6,"Bot",,,,,,,3.6790538371161015,-125.1020142877071,-1.871619448216229,4.443765543496821,22.338452094715944,-31.858187654104487,3.16,1.4,82,"72.3",7,"86.3",2353,"6.3",744932,518735,656582,669707,663647,693304,668804,572191,658668,"54.23",,,,,,,,48,2,"Slider",0,6,0,6,6,0,0,6,"Standard","Standard",142,"-0.002","-0.054","75.9","7.0",,,"0.054","88.0",-6,-6,0.031,0.031,28,27,28,28,3,2,7,3,6,1,"3.04","-0.48","0.48","41.0",3.1809392643044414,6.823730301534812,35.37167182149913,32.345017997529986,22.637618262115872
"FF","2024-06-01","92.7","-1.97","5.75","Varsho, Daulton",662139,656605,,"foul",,,,,2,,"R","L","R","TOR","PIT","S",,,0,0,2024,"-0.87","1.27",-0.17303633391362117,3.050999557191287,,,,0,6,"Bot",,,,,,,6.5040643111073715,-134.83350214177,-3.894306574132286,-12.056444266361671,29.217499099897548,-15.980067550250363,3.16,1.4,225,"74",29,"92.8",2428,"6.4",744932,518735,656582,669707,663647,693304,668804,572191,658668,"54.12",,,,,,,,48,1,"4-Seam Fastball",0,6,0,6,6,0,0,6,"Standard","Standard",220,"-0.001","-0.037","72.8","7.1",,,"0.037","88.0",-6,-6,0.032,0.032,28,27,28,28,3,2,7,3,6,1,"1.38","0.87","-0.87","32.5",9.289338572736353,0.9558939711228506,26.01575037570606,36.01712922301482,24.77383630666218
"FF","2024-06-01","95.3","-1.77","5.82","Schneider, Davis",676914,656605,"strikeout","swinging_strike",,,,,3,"Davis Schneider strikes out swinging.","R","R","R","TOR","PIT","S",2,,3,2,2024,"-0.5","1.38",0.7085425874723904,2.89800978989737,,,,2,5,"Bot",,,,,,,7.6474819445204725,-138.74412376324864,-5.24881935186075,-7.993266109345652,26.164286794145752,-13.269963064002578,3.08,1.49,,,,"96.1",2412,"6.4",744932,518735,656582,669707,663647,693304,668804,572191,658668,"54.14",,0,"0",1,0,0,,41,7,"4-Seam Fastball",0,5,0,5,5,0,0,5,"Standard","Standard",215,"-0.005","-0.325","71.4","6.4","0.2087229",,"0.325",,-5,-5,0.053,0.053,28,25,28,25,3,2,7,1,6,1,"1.09","0.5","0.5","35.7",15.524301436859753,13.271565173524033,30.155631592558567,42.058816491666384,20.79657554383426
"SI","2024-06-01","93.5","-1.97","5.7","Schneider, Davis",676914,656605,,"foul",,,,,11,,"R","R","R","TOR","PIT","S",,,3,2,2024,"-1.4","0.53",-1.581045116696842,2.8846252531816994,,,,2,5,"Bot",,,,,,,4.078892260704174,-136.10517072497015,-2.7072079729307506,-18.278482390611735,28.97893488469134,-25.214097408024955,3.08,1.49,5,"46.7",-30,"93.8",2510,"6.4",744932,518735,656582,669707,663647,693304,668804,572191,658668,"54.13",,,,,,,,41,6,"Sinker",0,5,0,5,5,0,0,5,"Standard","Standard",217,"0","0","59.2","5.7",,,"0","88.0",-5,-5,0.053,0.053,28,25,28,25,3,2,7,1,6,1,"2.07","1.4","1.4","31.1",12.085450977923802,-5.24069788583426,33.62954786129733,14.305598263174275,21.99383679289742
"ST","2024-06-01","84.2","-1.8","5.72","Schneider, Davis",676914,656605,,"ball",,,,,14,,"R","R","R","TOR","PIT","B",,,2,2,2024,"1.14","-0.3",2.3380231743878577,2.1374961067156653,,,,2,5,"Bot",,,,,,,7.363814658269295,-122.42876341296213,-1.3276266605620108,9.995015432411973,24.25985956664479,-35.154468652455854,2.99894932181108,1.49243526474827,,,,"84.3",2793,"6.4",744932,518735,656582,669707,663647,693304,668804,572191,658668,"54.07",,,,,,,,41,5,"Sweeper",0,5,0,5,5,0,0,5,"Standard","Standard",64,"0.002","0.106",,,,,"-0.106",,-5,-5,0.051,0.051,28,25,28,25,3,2,7,1,6,1,"3.52","-1.14","-1.14","38.4",,,,,
"FF","2024-06-01","93.1","2.57","5.23","Grandal, Yasmani",518735,579328,"sac_bunt","hit_into_play",,,,,2,"Yasmani Grandal out on a sacrifice bunt, pitcher Yusei Kikuchi to first baseman Vladimir Guerrero Jr. Ke'Bryan Hayes to 3rd. Nick Gonzales to 2nd.","R","R","L","TOR","PIT","X",1,"ground_ball",0,0,2024,"0.65","1.36",0.14845143227059032,3.2837796600964966,,663647,693304,0,6,"Top",131.16,193.69,,,,,-7.7628258234662155,-135.46043710769385,-2.2746082412468187,9.599995041755925,26.498627012370473,-15.087844075344785,3.22,1.49,1,"42.6",-79,"94.9",2209,"7.1",744932,672386,665489,624415,643396,666182,676914,662139,543807,"53.41",,,"0.2",0,0,0,1,44,1,"4-Seam Fastball",0,5,5,0,5,0,5,0,"Standard","Standard",142,"-0.001","0",,,,,"0","88.0",-5,5,0.033,0.967,33,35,33,36,3,2,6,1,5,1,"1.25","0.65","-0.65","41.5",,,,,
"FF","2024-06-01","93.9","-1.84","5.77","Schneider, Davis",676914,656605,,"called_strike",,,,,9,,"R","R","R","TOR","PIT","S",,,2,1,2024,"-0.75","1.32",0.765485780649923,1.9377898771492832,,,,2,5,"Bot",,,,,,,8.399801018323698,-136.42627890281054,-7.166885548911429,-11.115461301373342,27.174030450467388,-14.208059646813421,3.08240369971154,1.51025242539343,,,,"94.3",2592,"6.4",744932,518735,656582,669707,663647,693304,668804,572191,658668,"54.12",,,,,,,,41,4,"4-Seam Fastball",0,5,0,5,5,0,0,5,"Standard","Standard",214,"-0.002","-0.084",,,,,"0.084",,-5,-5,0.053,0.053,28,25,28,25,3,2,7,1,6,1,"1.25","0.75","0.75","34.3",,,,,
"ST","2024-06-01","82.9","-1.95","5.7","Schneider, Davis",676914,656605,,"ball",,,,,14,,"R","R","R","TOR","PIT","B",,,1,1,2024,"1.08","-0.23",1.2861867061217334,1.5594116465781545,,,,2,5,"Bot",,,,,,,5.282519711757818,-120.66216208337653,-2.5324167089753566,9.499607139332879,23.724727587255405,-34.166599639282644,3.03802158059518,1.47957396568094,,,,"82.9",2773,"6.3",744932,518735,656582,669707,663647,693304,668804,572191,658668,"54.23",,,,,,,,41,3,"Sweeper",0,5,0,5,5,0,0,5,"Standard","Standard",67,"0.001","0.058",,,,,"-0.058",,-5,-5,0.052,0.052,28,25,28,25,3,2,7,1,6,1,"3.55","-1.08","-1.08","36.6",,,,,
"CH","2024-06-01","85","2.37","5.32","Gonzales, Nick",693304,579328,"single","hit_into_play",,,,,12,"Nick Gonzales singles on a line drive to center fielder Daulton Varsho. Ke'Bryan Hayes to 2nd.","R","R","L","TOR","PIT","X",8,"line_drive",2,2,2024,"1.02","0.86",1.4119653136530808,2.8592023800651485,,,663647,0,6,"Top",151.58,86.44,,,,,-4.3479896409614485,-123.90987008924012,-1.2549610099790502,11.33186962079584,21.85793963283601,-23.204126557279412,3.39,1.55,238,"77.6",21,"86.5",1738,"6.9",744932,672386,665489,624415,643396,666182,676914,662139,543807,"53.63",0.926,0.867,"0.9",1,1,0,4,43,5,"Changeup",0,5,5,0,5,0,5,0,"Standard","Standard",145,"-0.009","0.462","66.3","7.2",,1.022,"-0.462","88.0",-5,5,0.042,0.958,33,25,33,25,3,2,6,1,5,1,"2.25","1.02","-1.02","47.0",19.932411064661004,15.75536169124368,22.3652724664489,52.48168269548445,30.63853607365479
"SL","2024-06-01","86.7","-1.75","5.94","Schneider, Davis",676914,656605,,"ball",,,,,12,,"R","R","R","TOR","PIT","B",,,0,1,2024,"0.46","0.02",1.261013086004596,2.3072206172056045,,,,2,5,"Bot",,,,,,,6.274787046009104,-126.16787355479045,-2.569917840647128,3.723389441947154,23.67410306194745,-31.687571958821344,3.06532217372471,1.49242565272809,,,,"87.2",2508,"6.4",744932,518735,656582,669707,663647,693304,668804,572191,658668,"54.07",,,,,,,,41,2,"Slider",0,5,0,5,5,0,0,5,"Standard","Standard",108,"0.001","0.029",,,,,"-0.029",,-5,-5,0.051,0.051,28,25,28,25,3,2,7,1,6,1,"2.99","-0.46","-0.46","40.5",,,,,
"CH","2024-06-01","84.1","2.41","5.31","Gonzales, Nick",693304,579328,,"swinging_strike_blocked",,,,,14,,"R","R","L","TOR","PIT","S",,,2,1,2024,"1.1","0.81",0.2145737210787917,0.40730518050044484,,,663647,0,6,"Top",,,,,,,-7.364115364095404,-122.3417563141324,-6.772613842153848,12.380731122300467,20.22170760690061,-22.920914635147522,3.39,1.55,,,,"85.7",1750,"7",744932,672386,665489,624415,643396,666182,676914,662139,543807,"53.51",,,,,,,,43,4,"Changeup",0,5,5,0,5,0,5,0,"Standard","Standard",139,"0.002","-0.048","35.2","7.5","4.953433104",,"0.048",,-5,5,0.04,0.96,33,25,33,25,3,2,6,1,5,1,"2.37","1.1","-1.1","44.2",17.779121079298086,-7.912164519676935,44.1626089058676,38.36114122010511,39.08275594698401
"FC","2024-06-01","89.4","-1.75","5.88","Schneider, Davis",676914,656605,,"swinging_strike",,,,,6,,"R","R","R","TOR","PIT","S",,,0,0,2024,"0.3","0.55",0.6836560533636353,2.2214730773693416,,,,2,5,"Bot",,,,,,,5.377888344643821,-130.2960611380178,-4.274031743569866,2.4485699161968233,23.39456825304581,-25.28409921641402,3.08,1.49,,,,"90.1",2509,"6.3",744932,518735,656582,669707,663647,693304,668804,572191,658668,"54.21",,,,,,,,41,1,"Cutter",0,5,0,5,5,0,0,5,"Standard","Standard",179,"-0.001","-0.041","68.0","6.8","0.129261876",,"0.041",,-5,-5,0.052,0.052,28,25,28,25,3,2,7,1,6,1,"2.26","-0.3","-0.3","37.7",12.541624406541612,12.238036993913887,34.61780100535141,42.040060092429194,22.624633047577838
"CU","2024-06-01","80.8","2.13","5.54","Gonzales, Nick",693304,579328,,"ball",,,,,12,,"R","R","L","TOR","PIT","B",,,1,1,2024,"-0.37","-0.49",1.068910222251272,2.652140955189656,,,663647,0,6,"Top",,,,,,,-1.6708238022794508,-117.85788054805295,1.0641530450059107,-3.230639791768991,19.510438219851718,-37.164937142612715,3.33615532663985,1.46626633388787,,,,"82.3",2471,"6.9",744932,672386,665489,624415,643396,666182,676914,662139,543807,"53.6",,,,,,,,43,3,"Curveball",0,5,5,0,5,0,5,0,"Standard","Standard",315,"-0.001","0.043",,,,,"-0.043",,-5,5,0.041,0.959,33,25,33,25,3,2,6,1,5,1,"3.93","-0.37","0.37","53.4",,,,,
"FC","2024-06-01","91","-1.95","5.82","Biggio, Cavan",624415,656605,"field_out","hit_into_play",,,,,3,"Cavan Biggio lines out to first baseman Connor Joe.","R","L","R","TOR","PIT","X",3,"line_drive",0,1,2024,"0.09","0.8",0.611030955044029,3.3187985888896376,,,,1,5,"Bot",161.71,152.48,,,,,6.263101758133528,-132.52176333315197,-2.165614884618862,-0.11076685698054772,24.208605569836386,-22.464374661044555,3.4,1.6,150,"87.9",12,"91.8",2543,"6.4",744932,518735,656582,669707,663647,693304,668804,572191,658668,"54.09",0.747,0.687,"0",1,0,0,4,40,2,"Cutter",0,5,0,5,5,0,0,5,"Standard","Standard",196,"-0.008","-0.219","65.2","5.7",,0.838,"0.219","88.0",-5,-5,0.06,0.06,28,29,28,29,2,1,7,1,6,11,"1.92","-0.09","0.09","34.9",8.727190929087259,-0.18801042208365917,35.714023557864444,24.555342579926982,24.66294405678933
"CU","2024-06-01","79.5","2.1","5.41","Gonzales, Nick",693304,579328,,"foul",,,,,7,,"R","R","L","TOR","PIT","S",,,1,0,2024,"-0.58","-0.58",-0.6383622277927736,1.716617568370753,,,663647,0,6,"Top",,,,,,,-4.984834874896023,-115.72447336004332,-0.2790928475267418,-4.357894935760796,19.968629259618965,-37.58942199660571,3.39,1.55,9,"78.4",-11,"80.8",2475,"7",744932,672386,665489,624415,643396,666182,676914,662139,543807,"53.51",,,,,,,,43,2,"Curveball",0,5,5,0,5,0,5,0,"Standard","Standard",327,"0.001","-0.049","74.7","8.2",,,"0.049","88.0",-5,5,0.04,0.96,33,25,33,25,3,2,6,1,5,1,"4.16","-0.58","0.58","51.2",24.5607582482647,-30.73655580046393,37.62939696263659,29.607974274590248,53.878734547241734
"CU","2024-06-01","77.4","-1.71","6.01","Biggio, Cavan",624415,656605,,"called_strike",,,,,5,,"R","L","R","TOR","PIT","S",,,0,0,2024,"1.2","-1.16",-0.1570010565031934,2.2968123268380216,,,,1,5,"Bot",,,,,,,1.1291019647738858,-112.67978756628877,1.2130965317965414,9.949888565104619,22.420298490351666,-42.46909863746673,3.35930674426842,1.5967013809621,,,,"77.3",2618,"6.4",744932,518735,656582,669707,663647,693304,668804,572191,658668,"54.09",,,,,,,,40,1,"Curveball",0,5,0,5,5,0,0,5,"Standard","Standard",39,"-0.001","-0.037",,,,,"0.037",,-5,-5,0.061,0.061,28,29,28,29,2,1,7,1,6,11,"4.99","-1.2","1.2","42.3",,,,,
"FF","2024-06-01","93.4","2.5","5.3","Gonzales, Nick",693304,579328,,"ball",,,,,14,,"R","R","L","TOR","PIT","B",,,0,0,2024,"0.66","1.58",1.0863159555572852,2.299498522249413,,,663647,0,6,"Top",,,,,,,-5.1615918381792,-135.86783406326805,-5.532356121274974,9.328866694137181,28.16640353267787,-11.557919850580006,3.37118053201059,1.46603859446137,,,,"94.8",2263,"7",744932,672386,665489,624415,643396,666182,676914,662139,543807,"53.51",,,,,,,,43,1,"4-Seam Fastball",0,5,5,0,5,0,5,0,"Infield shade","Standard",137,"-0.001","0.041",,,,,"-0.041",,-5,5,0.041,0.959,33,25,33,25,3,2,6,1,5,1,"1.02","0.66","-0.66","42.3",,,,,
"SI","2024-06-01","92.5","-1.98","5.69","Kirk, Alejandro",672386,656605,"field_out","hit_into_play",,,,,4,"Alejandro Kirk lines out to center fielder Michael A. Taylor.","R","R","R","TOR","PIT","X",8,"line_drive",1,1,2024,"-1.18","0.95",-0.48962388782361077,2.1756411562706752,,,,0,5,"Bot",148.57,59.44,,,,,6.3660844299222825,-134.53962039940927,-5.245729017465999,-15.6899877480302,28.461215009504354,-19.694816007751005,3.1,1.45,350,"97.2",22,"92.7",2393,"6.4",744932,518735,656582,669707,663647,693304,668804,572191,658668,"54.11",0.255,0.327,"0",1,0,0,5,39,3,"Sinker",0,5,0,5,5,0,0,5,"Standard","Standard",223,"-0.013","-0.243","70.9","6.9",,0.538,"0.243","97.2",-5,-5,0.074,0.074,28,25,28,26,2,1,7,3,6,3,"1.71","1.18","1.18","31.9",8.767424024953453,9.821125660128622,31.004905974184123,34.52557212330922,26.388438799949174
"FF","2024-06-01","94.9","2.46","5.33","Hayes, Ke'Bryan",663647,579328,"single","hit_into_play",,,,,4,"Ke'Bryan Hayes singles on a sharp line drive to center fielder Daulton Varsho.","R","R","L","TOR","PIT","X",8,"line_drive",2,2,2024,"0.7","1.34",-0.3319410972838628,2.6493641102033454,,,,0,6,"Top",124.67,75.85,,,,,-8.959729893983415,-137.8863954917995,-4.411824361155144,10.832541467460004,29.8179139181035,-14.20207364107379,3.26,1.55,264,"101.4",12,"96",2319,"7",744932,672386,665489,624415,643396,666182,676914,662139,543807,"53.55",0.95,0.931,"0.9",1,1,0,4,42,6,"4-Seam Fastball",0,5,5,0,5,0,5,0,"Standard","Standard",143,"-0.008","0.476","71.9","6.5",,1.178,"-0.476","101.4",-5,5,0.049,0.951,33,27,33,27,3,2,6,1,5,1,"1.19","0.7","-0.7","43.4",2.429113843308564,0.8960653306961633,27.04565126564231,30.07059661513341,31.66542512041633
"SL","2024-06-01","85.8","-1.87","5.93","Kirk, Alejandro",672386,656605,,"ball",,,,,14,,"R","R","R","TOR","PIT","B",,,0,1,2024,"0.47","0.18",0.7251974865442621,1.3299081000156088,,,,0,5,"Bot",,,,,,,5.197692211562443,-124.89083494701636,-5.050154354529403,4.078298374867468,21.962689158786336,-29.60335440374081,3.18572268344105,1.55795085184639,,,,"86.4",2419,"6.4",744932,518735,656582,669707,663647,693304,668804,572191,658668,"54.14",,,,,,,,39,2,"Slider",0,5,0,5,5,0,0,5,"Standard","Standard",127,"0.001","0.025",,,,,"-0.025",,-5,-5,0.073,0.073,28,25,28,26,2,1,7,3,6,3,"2.89","-0.47","-0.47","36.5",,,,,
"CH","2024-06-01","84.7","2.2","5.41","Hayes, Ke'Bryan",663647,579328,,"foul",,,,,3,,"R","R","L","TOR","PIT","S",,,2,2,2024,"1","0.99",0.7317898310732359,2.796091957056631,,,,0,6,"Top",,,,,,,-5.504718845400701,-123.38353660784882,-1.8318297025981938,11.322282012426845,22.150824743785837,-21.849492162865523,3.26,1.55,157,"70.4",18,"86.1",1674,"6.9",744932,672386,665489,624415,643396,666182,676914,662139,543807,"53.62",,,,,,,,42,5,"Changeup",0,5,5,0,5,0,5,0,"Standard","Standard",152,"0","0","65.5","6.6",,,"0","88.0",-5,5,0.049,0.951,33,27,33,27,3,2,6,1,5,1,"2.16","1","-1","47.6",1.1608061594390444,17.726387009276962,21.198239912908125,43.20359212450481,30.441029052043064
"CU","2024-06-01","83.2","2.01","5.48","Hayes, Ke'Bryan",663647,579328,,"ball",,,,,13,,"R","R","L","TOR","PIT","B",,,1,2,2024,"-0.27","-0.39",-1.3167617957081554,-0.1503040099341253,,,,0,6,"Top",,,,,,,-7.181149793468825,-120.95085426855951,-5.7904720823636735,-1.4014552496087191,22.029158502721334,-35.152245073441,3.21771619745246,1.55245936160978,,,,"84.4",2507,"7",744932,672386,665489,624415,643396,666182,676914,662139,543807,"53.49",,,,,,,,42,4,"Curveball",0,5,5,0,5,0,5,0,"Standard","Standard",309,"0","0.04",,,,,"-0.04",,-5,5,0.049,0.951,33,27,33,27,3,2,6,1,5,1,"3.67","-0.27","0.27","53.3",,,,,
"FC","2024-06-01","88.5","-1.77","5.92","Kirk, Alejandro",672386,656605,,"called_strike",,,,,12,,"R","R","R","TOR","PIT","S",,,0,0,2024,"0.2","0.5",0.8949726003795005,2.487004367005154,,,,0,5,"Bot",,,,,,,6.07198097275252,-128.95871766539827,-3.454647913345622,1.2269341435680008,23.015149358903056,-26.092650904755487,3.13026119969823,1.49320018121157,,,,"89.1",2292,"6.3",744932,518735,656582,669707,663647,693304,668804,572191,658668,"54.23",,,,,,,,39,1,"Cutter",0,5,0,5,5,0,0,5,"Infield shade","Standard",203,"-0.002","-0.037",,,,,"0.037",,-5,-5,0.075,0.075,28,25,28,26,2,1,7,3,6,3,"2.37","-0.2","-0.2","41.8",,,,,
"CH","2024-06-01","84.3","2.24","5.36","Hayes, Ke'Bryan",663647,579328,,"called_strike",,,,,8,,"R","R","L","TOR","PIT","S",,,1,1,2024,"0.89","1.07",0.14312611496282035,1.4378768148914884,,,,0,6,"Top",,,,,,,-6.728777761180726,-122.62026873199122,-5.031872423068709,10.217526231124651,20.37924627666243,-20.51525930801098,3.21595155398101,1.52033368577274,,,,"85.8",1673,"6.9",744932,672386,665489,624415,643396,666182,676914,662139,543807,"53.55",,,,,,,,42,3,"Changeup",0,5,5,0,5,0,5,0,"Standard","Standard",144,"0.001","-0.056",,,,,"0.056",,-5,5,0.048,0.952,33,27,33,27,3,2,6,1,5,1,"2.09","0.89","-0.89","47.4",,,,,
"ST","2024-06-01","84.4","-1.86","5.73","Kiner-Falefa, Isiah",643396,656605,"strikeout","foul_tip",,,,,12,"Isiah Kiner-Falefa strikes out on a foul tip.","R","R","R","TOR","PIT","S",2,,3,2,2024,"1.26","0.07",0.9139336479740976,3.1172232871798444,,,,2,4,"Bot",,,,,,,3.9653883288963025,-122.92500718303988,0.1439328927146697,12.047448313514892,23.861874019551347,-31.724470773566264,3.28,1.46,,,,"84.8",2778,"6.5",744932,518735,656582,669707,663647,693304,668804,572191,658668,"54.02",,0,"0",1,0,0,,32,11,"Sweeper",0,3,0,3,3,0,0,3,"Standard","Standard",68,"-0.012","-0.325","65.4","7.8",,,"0.325",,-3,-3,0.176,0.176,28,29,28,29,2,1,7,1,6,1,"3.12","-1.26","-1.26","36.4",21.13435783591319,-29.506525478125056,17.964248292330826,44.29506413238536,49.641843764016954
"FF","2024-06-01","93.9","2.51","5.28","Hayes, Ke'Bryan",663647,579328,,"called_strike",,,,,7,,"R","R","L","TOR","PIT","S",,,1,0,2024,"0.52","1.41",-0.45904428635215233,1.4653142839935414,,,,0,6,"Top",,,,,,,-8.936047056400303,-136.37063891196738,-7.347168472842046,8.436601694084535,28.902109961362143,-13.146931927121042,3.34789732871061,1.53821975751832,,,,"95",2270,"7",744932,672386,665489,624415,643396,666182,676914,662139,543807,"53.53",,,,,,,,42,2,"4-Seam Fastball",0,5,5,0,5,0,5,0,"Standard","Standard",158,"0.001","-0.049",,,,,"0.049",,-5,5,0.047,0.953,33,27,33,27,3,2,6,1,5,1,"1.18","0.52","-0.52","42.9",,,,,
"FF","2024-06-01","95.5","-1.74","5.86","Kiner-Falefa, Isiah",643396,656605,,"foul",,,,,12,,"R","R","R","TOR","PIT","S",,,3,2,2024,"-0.45","1.28",0.2709372766345705,3.7094167931285495,,,,2,4,"Bot",,,,,,,6.319102300236415,-139.04823254952225,-2.9644109716680593,-7.159518890016927,27.804026138306845,-15.076144507642704,3.28,1.46,238,"77",45,"96",2414,"6.3",744932,518735,656582,669707,663647,693304,668804,572191,658668,"54.18",,,,,,,,32,10,"4-Seam Fastball",0,3,0,3,3,0,0,3,"Standard","Standard",212,"0","0","58.3","5.5",,,"0","88.0",-3,-3,0.176,0.176,28,29,28,29,2,1,7,1,6,1,"1.2","0.45","0.45","38.1",-1.7856091119894504,23.45719566049811,25.46263252783447,38.83885747050079,22.658395450503516
"FF","2024-06-01","94","2.45","5.3","Hayes, Ke'Bryan",663647,579328,,"ball",,,,,13,,"R","R","L","TOR","PIT","B",,,0,0,2024,"0.61","1.28",-1.2815579488342284,1.2688861435362553,,,,0,6,"Top",,,,,,,-11.18080687107687,-136.33553874872487,-7.667573680099379,10.015775313908815,28.468146430223268,-14.621554683160156,3.26243126835714,1.55706797152,,,,"95.4",2272,"7.1",744932,672386,665489,624415,643396,666182,676914,662139,543807,"53.35",,,,,,,,42,1,"4-Seam Fastball",0,5,5,0,5,0,5,0,"Standard","Standard",153,"-0.001","0.038",,,,,"-0.038",,-5,5,0.048,0.952,33,27,33,27,3,2,6,1,5,1,"1.31","0.61","-0.61","43.9",,,,,
"SL","2024-06-01","89.2","-1.82","5.88","Kiner-Falefa, Isiah",643396,656605,,"foul",,,,,9,,"R","R","R","TOR","PIT","S",,,3,2,2024,"0.27","0.23",0.6933884330345701,1.4065706362612298,,,,2,4,"Bot",,,,,,,5.62576668808972,-129.9096168907746,-5.543013922022133,2.0210087923186695,23.578060500234532,-28.75169154095279,3.28,1.46,,,,"89.9",2363,"6.4",744932,518735,656582,669707,663647,693304,668804,572191,658668,"54.11",,,,,,,,32,9,"Slider",0,3,0,3,3,0,0,3,"Standard","Standard",148,"0","0","68.1","8.0",,,"0",,-3,-3,0.176,0.176,28,29,28,29,2,1,7,1,6,1,"2.6","-0.27","-0.27","37.9",16.83011656664866,-13.007189905534458,29.92072574084306,43.7795788803972,40.56597592115339
"SL","2024-06-01","89.3","-1.86","5.97","Kiner-Falefa, Isiah",643396,656605,,"foul",,,,,1,,"R","R","R","TOR","PIT","S",,,3,2,2024,"0.44","0.24",-0.36345274751971085,3.117583299081791,,,,2,4,"Bot",,,,,,,2.771270511776802,-130.21172801593363,-1.6024116501627712,4.497096859270525,24.362040419490977,-29.26479139729559,3.28,1.46,185,"63.6",41,"89.8",2490,"6.2",744932,518735,656582,669707,663647,693304,668804,572191,658668,"54.27",,,,,,,,32,8,"Slider",0,3,0,3,3,0,0,3,"Standard","Standard",148,"0","0","59.4","5.3",,,"0","88.0",-3,-3,0.176,0.176,28,29,28,29,2,1,7,1,6,1,"2.58","-0.44","-0.44","39.2",-10.952456935204273,26.11956987003628,34.589188076048096,31.09571109516748,19.350657624912827
"FF","2024-06-01","94.6","2.43","5.34","Olivares, Edward",658668,579328,"field_out","hit_into_play",,,,,8,"Edward Olivares flies out to right fielder George Springer.","R","R","L","TOR","PIT","X",9,"fly_ball",3,2,2024,"0.44","1.5",-0.05267608770875315,1.938559327615514,668804,,,2,5,"Top",176.03,119.11,,,,,-7.545412620588228,-137.62212806488574,-6.677575336622489,7.141172696934774,27.770732453083145,-11.767024647824543,3.71,1.76,236,"73.5",29,"96.1",2360,"7",744932,672386,665489,624415,643396,666182,676914,662139,543807,"53.52",0.663,0.628,"0",1,0,0,4,38,7,"4-Seam Fastball",0,5,5,0,5,0,5,0,"Standard","Standard",150,"0.009","-0.26","73.0","7.0",,0.751,"0.26","88.0",-5,5,0.066,0.934,33,28,33,28,3,2,6,1,5,3,"1.03","0.44","-0.44","44.0",-0.07591831453615841,9.919778889028132,35.12912661480981,32.89408134729337,21.571072326880866
"SL","2024-06-01","84.7","2.09","5.48","Olivares, Edward",658668,579328,,"foul",,,,,6,,"R","R","L","TOR","PIT","S",,,3,2,2024,"-0.24","0.06",0.522878267794282,2.675155420896062,668804,,,2,5,"Top",,,,,,,-3.2205725412923054,-123.32199210478953,-0.33581966057032275,-1.8392966370883548,24.550398500794106,-31.689778386781413,3.71,1.76,222,"80",51,"85.7",2519,"6.9",744932,672386,665489,624415,643396,666182,676914,662139,543807,"53.62",,,,,,,,38,6,"Slider",0,5,5,0,5,0,5,0,"Standard","Standard",298,"0","0","72.6","6.7",,,"0","88.0",-5,5,0.066,0.934,33,28,33,28,3,2,6,1,5,3,"3.11","-0.24","0.24","52.2",0.2890632743796121,11.864232956707777,24.922979277277978,39.76819161437193,23.859023748715913
"SI","2024-06-01","94.5","-1.97","5.77","Kiner-Falefa, Isiah",643396,656605,,"foul",,,,,1,,"R","R","R","TOR","PIT","S",,,3,2,2024,"-1.17","0.68",-0.671864320321409,2.8539784603535354,,,,2,4,"Bot",,,,,,,5.99164692798343,-137.56117860980916,-3.4427146145977816,-16.187637789533127,29.549160401725516,-23.02587156966603,3.28,1.46,3,"67.3",-40,"94.8",2425,"6.4",744932,518735,656582,669707,663647,693304,668804,572191,658668,"54.14",,,,,,,,32,7,"Sinker",0,3,0,3,3,0,0,3,"Standard","Standard",220,"0","0","63.1","6.1",,,"0","88.0",-3,-3,0.176,0.176,28,29,28,29,2,1,7,1,6,1,"1.87","1.17","1.17","31.2",5.6665495404796395,2.619713572834695,28.559649979925045,25.657880322345363,29.553131526268476
"FF","2024-06-01","95.8","-1.84","5.85","Kiner-Falefa, Isiah",643396,656605,,"foul",,,,,3,,"R","R","R","TOR","PIT","S",,,3,2,2024,"-0.71","1.31",0.6756237253732859,3.1072051951456423,,,,2,4,"Bot",,,,,,,8.252224843521986,-139.26802101611722,-4.636364917686505,-10.990675472626679,28.955241565432726,-14.238956411863361,3.28,1.46,281,"86.9",38,"96.1",2461,"6.4",744932,518735,656582,669707,663647,693304,668804,572191,658668,"54.13",,,,,,,,32,6,"4-Seam Fastball",0,3,0,3,3,0,0,3,"Standard","Standard",219,"0","0","61.9","5.8",,,"0","88.0",-3,-3,0.176,0.176,28,29,28,29,2,1,7,1,6,1,"1.16","0.71","0.71","38.1",-6.2424210722212665,31.032237637168407,28.237506821237453,43.64918840729368,15.344292522786516
"CU","2024-06-01","83","2.03","5.56","Olivares, Edward",658668,579328,,"ball",,,,,13,,"R","R","L","TOR","PIT","B",,,2,2,2024,"-0.35","-0.38",-1.0197335565431145,1.4630459846697064,668804,,,2,5,"Top",,,,,,,-6.374719027073667,-120.866701278613,-2.2702577916254922,-2.3466081675378843,20.613711241830252,-35.72061930065946,3.64401635221122,1.70506379682563,,,,"84.3",2568,"6.8",744932,672386,665489,624415,643396,666182,676914,662139,543807,"53.66",,,,,,,,38,5,"Curveball",0,5,5,0,5,0,5,0,"Standard","Standard",321,"-0.001","0.051",,,,,"-0.051",,-5,5,0.067,0.933,33,28,33,28,3,2,6,1,5,3,"3.65","-0.35","0.35","54.1",,,,,
"FF","2024-06-01","94.4","-1.84","5.8","Kiner-Falefa, Isiah",643396,656605,,"ball",,,,,11,,"R","R","R","TOR","PIT","B",,,2,2,2024,"-0.43","1.21",-0.25207654241134064,4.600439399959381,,,,2,4,"Bot",,,,,,,5.089339352975806,-137.4779975599342,-0.1571473913302872,-6.509194545993293,28.9522679760062,-16.997243106985977,3.2191499721019,1.38538177725445,,,,"94.7",2428,"6.3",744932,518735,656582,669707,663647,693304,668804,572191,658668,"54.17",,,,,,,,32,5,"4-Seam Fastball",0,3,0,3,3,0,0,3,"Standard","Standard",219,"0.004","0.106",,,,,"-0.106",,-3,-3,0.172,0.172,28,29,28,29,2,1,7,1,6,1,"1.34","0.43","0.43","35.1",,,,,
"CH","2024-06-01","86.2","2.27","5.38","Olivares, Edward",658668,579328,,"ball",,,,,14,,"R","R","L","TOR","PIT","B",,,1,2,2024,"0.87","0.98",2.148949277173773,1.6770637877401953,668804,,,2,5,"Top",,,,,,,-2.0879540653359094,-125.64908101127382,-4.707580499049623,9.711771370674471,22.066934048428198,-21.039504405377546,3.64380178021402,1.76236135642261,,,,"87.8",1604,"6.9",744932,672386,665489,624415,643396,666182,676914,662139,543807,"53.58",,,,,,,,38,4,"Changeup",0,5,5,0,5,0,5,0,"Standard","Standard",135,"-0.002","0.017",,,,,"-0.017",,-5,5,0.069,0.931,33,28,33,28,3,2,6,1,5,3,"2.04","0.87","-0.87","45.8",,,,,
"CH","2024-06-01","85.9","2.27","5.31","Olivares, Edward",658668,579328,,"blocked_ball",,,,,14,,"R","R","L","TOR","PIT","B",,,0,2,2024,"1","0.77",0.7979713165462067,0.3823417713768915,668804,,,2,5,"Top",,,,,,,-5.590393763811252,-124.98405780435294,-7.108311448065567,11.628151774982364,23.03605655032065,-22.902504921058583,3.74906321309093,1.76236241470236,,,,"87.4",1627,"7.1",744932,672386,665489,624415,643396,666182,676914,662139,543807,"53.45",,,,,,,,38,3,"Changeup",0,5,5,0,5,0,5,0,"Standard","Standard",142,"-0.001","0.018",,,,,"-0.018",,-5,5,0.07,0.93,33,28,33,28,3,2,6,1,5,3,"2.3","1","-1","44.1",,,,,
"SI","2024-06-01","93.4","-2.04","5.75","Kiner-Falefa, Isiah",643396,656605,,"ball",,,,,13,,"R","R","R","TOR","PIT","B",,,1,2,2024,"-1.23","0.81",-1.8545515328668096,2.3141653337101626,,,,2,4,"Bot",,,,,,,3.186222677110006,-136.0712830344861,-4.933513082861436,-15.976298297037575,27.724862861141318,-21.20128790979457,3.2822706631099,1.4549384117625,,,,"93.8",2289,"6.3",744932,518735,656582,669707,663647,693304,668804,572191,658668,"54.21",,,,,,,,32,4,"Sinker",0,3,0,3,3,0,0,3,"Standard","Standard",223,"0.001","0.039",,,,,"-0.039",,-3,-3,0.171,0.171,28,29,28,29,2,1,7,1,6,1,"1.78","1.23","1.23","29.8",,,,,
"SL","2024-06-01","88","-1.79","5.99","Kiner-Falefa, Isiah",643396,656605,,"called_strike",,,,,12,,"R","R","R","TOR","PIT","S",,,1,1,2024,"0.28","-0.1",0.8664875939389224,2.935447571866877,,,,2,4,"Bot",,,,,,,5.864308847443959,-128.16099897558726,-1.1585054244067032,2.0432605537359176,23.68650581219052,-33.306848130225774,3.2139806037755,1.41509524328141,,,,"88.6",2357,"6.4",744932,518735,656582,669707,663647,693304,668804,572191,658668,"54.13",,,,,,,,32,3,"Slider",0,3,0,3,3,0,0,3,"Standard","Standard",120,"-0.002","-0.064",,,,,"0.064",,-3,-3,0.173,0.173,28,29,28,29,2,1,7,1,6,1,"3.02","-0.28","-0.28","38.9",,,,,
"CH","2024-06-01","84.7","2.38","5.36","Olivares, Edward",658668,579328,,"swinging_strike",,,,,14,,"R","R","L","TOR","PIT","S",,,0,1,2024,"0.86","0.98",1.3318821710986408,1.7282340521079371,668804,,,2,5,"Top",,,,,,,-4.22988035724218,-123.44709328984335,-4.2379403268697935,9.617431268657892,21.251789126995032,-21.52428855344932,3.71,1.76,,,,"86.4",1543,"7",744932,672386,665489,624415,643396,666182,676914,662139,543807,"53.51",,,,,,,,38,2,"Changeup",0,5,5,0,5,0,5,0,"Standard","Standard",140,"0.003","-0.058","68.7","8.6","1.425753576",,"0.058",,-5,5,0.067,0.933,33,28,33,28,3,2,6,1,5,3,"2.16","0.86","-0.86","46.0",17.649416257529676,-21.610141458433286,29.169999819402296,49.03588088810023,39.97328295002361
"FC","2024-06-01","90.9","-1.77","5.88","Kiner-Falefa, Isiah",643396,656605,,"called_strike",,,,,12,,"R","R","R","TOR","PIT","S",,,1,0,2024,"0.26","0.63",0.9721341629004537,2.44369839252724,,,,2,4,"Bot",,,,,,,6.302463756076357,-132.34999782143188,-4.149719416191238,2.0021840918478677,24.044000736980827,-24.06096436399374,3.26536499235097,1.45591925127755,,,,"91.5",2489,"6.3",744932,518735,656582,669707,663647,693304,668804,572191,658668,"54.18",,,,,,,,32,2,"Cutter",0,3,0,3,3,0,0,3,"Standard","Standard",180,"-0.002","-0.051",,,,,"0.051",,-3,-3,0.175,0.175,28,29,28,29,2,1,7,1,6,1,"2.09","-0.26","-0.26","40.0",,,,,
"FF","2024-06-01","94.5","2.4","5.42","Olivares, Edward",658668,579328,,"foul",,,,,2,,"R","R","L","TOR","PIT","S",,,0,0,2024,"0.58","1.42",-0.22353524730735808,3.1504890562477987,668804,,,2,5,"Top",,,,,,,-8.22314620429944,-137.41372960827533,-3.4232022800991038,9.188319414231994,29.506705920062586,-13.591356832220269,3.71,1.76,404,"112.8",27,"95.7",2463,"6.9",744932,672386,665489,624415,643396,666182,676914,662139,543807,"53.56",,,,,,,,38,1,"4-Seam Fastball",0,5,5,0,5,0,5,0,"Standard","Standard",151,"0.001","-0.039","78.3","7.3",,,"0.039","112.8",-5,5,0.066,0.934,33,28,33,28,3,2,6,1,5,3,"1.13","0.58","-0.58","41.6",13.991098318790767,-18.96305915321814,19.1520126949351,31.382143483367564,36.921187109859716
"SI","2024-06-01","93.8","-1.93","5.71","Kiner-Falefa, Isiah",643396,656605,,"ball",,,,,11,,"R","R","R","TOR","PIT","B",,,0,0,2024,"-1.38","0.95",-1.3464551629733714,3.4641180716591022,,,,2,4,"Bot",,,,,,,4.568737849958886,-136.48582184423026,-2.155165688419359,-18.226271565270395,31.060413211192667,-20.09073907446973,3.32583258482791,1.52657561973566,,,,"93.7",2331,"6.3",744932,518735,656582,669707,663647,693304,668804,572191,658668,"54.2",,,,,,,,32,1,"Sinker",0,3,0,3,3,0,0,3,"Standard","Standard",220,"0.001","0.04",,,,,"-0.04",,-3,-3,0.174,0.174,28,29,28,29,2,1,7,1,6,1,"1.65","1.38","1.38","34.6",,,,,
"FF","2024-06-01","94.4","2.56","5.26","Joe, Connor",656582,579328,"single","hit_into_play",,,,,5,"Connor Joe singles on a sharp line drive to left fielder Davis Schneider. Andrew McCutchen scores. Connor Joe out at 2nd on the throw, left fielder Davis Schneider to second baseman Cavan Biggio. Bryan Reynolds to 3rd.","R","R","L","TOR","PIT","X",7,"line_drive",1,1,2024,"0.47","1.42",0.1648888029699327,2.675444976399085,,457705,668804,1,5,"Top",93.5,72.66,,,,,-7.36770192491276,-137.35630596541486,-4.276476425869017,7.489151704842281,28.764561235016252,-13.374895109839208,3.22,1.53,238,"101.6",13,"95.8",2432,"7",744932,672386,665489,624415,643396,666182,676914,662139,543807,"53.52",0.892,0.896,"0.9",1,1,0,4,37,3,"4-Seam Fastball",0,4,4,0,5,0,5,0,"Standard","Standard",145,"-0.025","0.504","73.2","7.0",,1.168,"-0.504","101.6",-4,4,0.091,0.909,33,31,33,32,3,2,6,1,5,1,"1.12","0.47","-0.47","40.0",1.7944709754217838,-4.264621201998621,30.554557185196536,36.90703224954678,31.081095565771488
"SI","2024-06-01","93.7","-2.03","5.68","Springer, George",543807,656605,"field_out","hit_into_play",,,,,5,"George Springer flies out to right fielder Edward Olivares in foul territory.","R","R","R","TOR","PIT","X",9,"fly_ball",0,0,2024,"-1.31","0.54",-0.053007623719982355,2.6372391887371824,,,,1,4,"Bot",207,126.75,,,,,8.009545614269486,-136.2786195376995,-3.2944624470117456,-18.058115174997,30.580369098015492,-24.943195643693173,3.74,1.71,268,"86.4",40,"93.8",2435,"6.4",744932,518735,656582,669707,663647,693304,668804,572191,658668,"54.1",0.011,0.016,"0",1,0,0,3,31,1,"Sinker",0,3,0,3,3,0,0,3,"Infield shade","Standard",223,"-0.017","-0.256","74.4","6.9",,0.027,"0.256","88.0",-3,-3,0.191,0.191,28,34,28,35,2,1,7,1,6,1,"2.07","1.31","1.31","30.2",1.7621182250603367,14.02337036467304,33.14848535402142,36.06028319111125,19.14500518511651
"SL","2024-06-01","86.5","2.09","5.56","Joe, Connor",656582,579328,,"ball",,,,,13,,"R","R","L","TOR","PIT","B",,,0,1,2024,"-0.07","0.23",-0.9849135597293461,1.7371919874705433,,457705,668804,1,5,"Top",,,,,,,-7.268423404165856,-125.85442796840877,-3.4401999856251853,0.5958492727019787,24.078691186711698,-29.203007899320752,3.25426592885764,1.59121303026593,,,,"87.8",2404,"7",744932,672386,665489,624415,643396,666182,676914,662139,543807,"53.5",,,,,,,,37,2,"Slider",0,4,4,0,4,0,4,0,"Standard","Standard",264,"-0.001","0.015",,,,,"-0.015",,-4,4,0.092,0.908,33,31,33,32,3,2,6,1,5,1,"2.8","-0.07","0.07","59.4",,,,,
"FC","2024-06-01","92.5","-1.93","5.84","Vogelbach, Daniel",596129,656605,"strikeout","swinging_strike",,,,,11,"Daniel Vogelbach strikes out swinging.","R","L","R","TOR","PIT","S",2,,3,2,2024,"0.04","0.71",-0.5004479625038585,3.7797901950780606,,,,0,4,"Bot",,,,,,,3.544499403342915,-134.86051438416675,-1.0811670944000333,-0.13909181903245985,26.25452651926852,-23.429205621939424,3.3,1.6,,,,"93.1",2379,"6.3",744932,518735,656582,669707,663647,693304,668804,572191,658668,"54.17",,0,"0",1,0,0,,30,7,"Cutter",0,3,0,3,3,0,0,3,"Standard","Standard",196,"-0.031","-0.333","60.9","5.4","2.371092936",,"0.333",,-3,-3,0.222,0.222,28,31,28,32,2,1,7,1,6,1,"1.92","-0.04","0.04","37.7",-10.871467531599926,44.19651380552236,31.345051717863093,44.75608931021085,3.183345382022475
"FF","2024-06-01","94.6","2.51","5.35","Joe, Connor",656582,579328,,"foul",,,,,12,,"R","R","L","TOR","PIT","S",,,0,0,2024,"0.41","1.34",0.18102756423762334,3.774880706333238,,457705,668804,1,5,"Top",,,,,,,-7.065963849309085,-137.70146945785933,-1.4707852388491147,6.686476760171264,28.105601574588018,-14.94854463641371,3.22,1.53,237,"74.9",31,"96.1",2241,"7",744932,672386,665489,624415,643396,666182,676914,662139,543807,"53.54",,,,,,,,37,1,"4-Seam Fastball",0,4,4,0,4,0,4,0,"Standard","Standard",147,"0.002","-0.039","40.5","5.0",,,"0.039","88.0",-4,4,0.09,0.91,33,31,33,32,3,2,6,1,5,1,"1.19","0.41","-0.41","44.2",-9.465323795925068,34.79641786636211,23.411557498302873,36.38060521017767,11.819356733730384
"SI","2024-06-01","95","-1.87","5.71","Vogelbach, Daniel",596129,656605,,"foul",,,,,6,,"R","L","R","TOR","PIT","S",,,3,2,2024,"-1.36","0.7",0.7043102057439747,2.230718457452598,,,,0,4,"Bot",,,,,,,9.77105859533073,-137.9745415099107,-4.996957528107097,-19.563690400392105,30.208956023991714,-22.30915579153288,3.3,1.6,3,,-38,"95",2519,"6.3",744932,518735,656582,669707,663647,693304,668804,572191,658668,"54.16",,,,,,,,30,6,"Sinker",0,3,0,3,3,0,0,3,"Standard","Standard",221,"0","0","72.4","7.5",,,"0",,-3,-3,0.222,0.222,28,31,28,32,2,1,7,1,6,1,"1.83","1.36","-1.36","35.5",15.494098334338698,-8.765259898849353,36.32959266833779,30.155410556991963,35.66401902135731
"CH","2024-06-01","85.3","2.19","5.39","Reynolds, Bryan",668804,579328,"single","hit_into_play",,,,,5,"Bryan Reynolds singles on a sharp ground ball to center fielder Daulton Varsho. Andrew McCutchen to 2nd.","R","R","L","TOR","PIT","X",8,"ground_ball",1,1,2024,"0.68","1.14",-0.24279487298894398,2.0062259652142096,,,457705,1,5,"Top",113.98,82.19,,,,,-7.211286084310003,-124.2176399857994,-4.105058681261799,8.35410587205519,20.418361542145934,-19.689161232652047,3.1,1.48,113,"111.4",3,"87.2",1641,"7",744932,672386,665489,624415,643396,666182,676914,662139,543807,"53.46",0.639,0.609,"0.9",1,1,0,4,36,3,"Changeup",0,4,4,0,4,0,4,0,"Standard","Standard",142,"-0.014","0.416","76.4","6.9",,0.734,"-0.416","111.4",-4,4,0.104,0.896,33,29,33,29,3,2,6,1,5,1,"1.94","0.68","-0.68","48.1",2.439883846949296,4.873790872427528,39.90661095735325,35.83495460362153,25.116701553925406
"CH","2024-06-01","83.8","2.27","5.36","Reynolds, Bryan",668804,579328,,"foul",,,,,2,,"R","R","L","TOR","PIT","S",,,1,0,2024,"0.86","0.92",0.23817094921297388,2.691276361029647,,,457705,1,5,"Top",,,,,,,-6.464258472233118,-122.00808790312287,-1.6819374320230474,9.793904783936014,20.222275328251182,-22.773723758916788,3.1,1.48,206,"72.5",58,"85.3",1568,"6.9",744932,672386,665489,624415,643396,666182,676914,662139,543807,"53.61",,,,,,,,36,2,"Changeup",0,4,4,0,4,0,4,0,"Standard","Standard",146,"0.002","-0.047","76.4","6.7",,,"0.047","88.0",-4,4,0.102,0.898,33,29,33,29,3,2,6,1,5,1,"2.28","0.86","-0.86","49.0",8.952840071800768,4.424013082646458,34.16955821524363,41.30109506278295,29.910213136053176
"SI","2024-06-01","93.7","-1.84","5.72","Vogelbach, Daniel",596129,656605,,"called_strike",,,,,14,,"R","L","R","TOR","PIT","S",,,3,1,2024,"-1.22","0.52",0.8660000585197445,1.630561224618454,,,,0,4,"Bot",,,,,,,9.678070795668845,-136.02690215478867,-5.959174500699174,-17.30293953190958,29.510785948875498,-24.613405143359874,3.3803116274434,1.6374650010709,,,,"93.7",2629,"6.4",744932,518735,656582,669707,663647,693304,668804,572191,658668,"54.1",,,,,,,,30,5,"Sinker",0,3,0,3,3,0,0,3,"Standard","Standard",218,"-0.011","-0.085",,,,,"0.085",,-3,-3,0.233,0.233,28,31,28,32,2,1,7,1,6,1,"2.09","1.22","-1.22","34.5",,,,,
"FC","2024-06-01","92.4","-1.9","5.8","Vogelbach, Daniel",596129,656605,,"ball",,,,,14,,"R","L","R","TOR","PIT","B",,,2,1,2024,"-0.03","1.08",1.3190388887542175,2.1627855788719943,,,,0,4,"Bot",,,,,,,8.282033275479685,-134.44049652467314,-5.883959445547716,-1.958927242539571,25.414002103934706,-18.013942511261753,3.29655708884685,1.67157999456133,,,,"93.1",2533,"6.4",744932,518735,656582,669707,663647,693304,668804,572191,658668,"54.1",,,,,,,,30,4,"Cutter",0,3,0,3,3,0,0,3,"Standard","Standard",203,"0.013","0.122",,,,,"-0.122",,-3,-3,0.22,0.22,28,31,28,32,2,1,7,1,6,1,"1.57","0.03","-0.03","36.3",,,,,
"FF","2024-06-01","95","2.49","5.28","Reynolds, Bryan",668804,579328,,"ball",,,,,12,,"R","R","L","TOR","PIT","B",,,0,0,2024,"0.48","1.52",1.3051713537183636,4.542593954187435,,,457705,1,5,"Top",,,,,,,-4.234120308193261,-138.47802236429393,0.24277669293155374,7.018735956658116,27.620201301303577,-12.650815777158353,3.38845980460352,1.62014539703069,,,,"96.8",2236,"7",744932,672386,665489,624415,643396,666182,676914,662139,543807,"53.53",,,,,,,,36,1,"4-Seam Fastball",0,4,4,0,4,0,4,0,"Standard","Standard",140,"-0.001","0.036",,,,,"-0.036",,-4,4,0.103,0.897,33,29,33,29,3,2,6,1,5,1,"0.97","0.48","-0.48","43.9",,,,,
"FC","2024-06-01","91.4","-1.89","5.81","Vogelbach, Daniel",596129,656605,,"called_strike",,,,,5,,"R","L","R","TOR","PIT","S",,,2,0,2024,"-0.02","1.03",0.2471179386200928,2.657377426254723,,,,0,4,"Bot",,,,,,,5.432908710056698,-133.12775191074013,-4.368397179630455,-1.3085891972027355,24.84120550691391,-19.116235843480013,3.26884517621335,1.59659026383877,,,,"92",2554,"6.3",744932,518735,656582,669707,663647,693304,668804,572191,658668,"54.19",,,,,,,,30,3,"Cutter",0,3,0,3,3,0,0,3,"Standard","Standard",202,"-0.009","-0.065",,,,,"0.065",,-3,-3,0.229,0.229,28,31,28,32,2,1,7,1,6,1,"1.66","0.02","-0.02","37.1",,,,,
"FF","2024-06-01","97.8","2.5","5.33","McCutchen, Andrew",457705,579328,"single","hit_into_play",,,,,4,"Andrew McCutchen singles on a line drive to left fielder Davis Schneider, deflected by shortstop Bo Bichette. Jared Triolo scores.","R","R","L","TOR","PIT","X",6,"line_drive",2,2,2024,"0.59","1.57",-0.3583889570062657,2.517723569983879,669707,,,1,5,"Top",85.22,144.36,,,,,-9.19135759006695,-142.07845940428908,-5.765266162035363,10.089038686825663,31.78892032645227,-9.775105895393159,3.45,1.67,102,"81.6",7,"99.1",2429,"7.1",744932,672386,665489,624415,643396,666182,676914,662139,543807,"53.43",0.361,0.336,"0.9",1,1,0,4,35,5,"4-Seam Fastball",0,3,3,0,4,0,4,0,"Strategic","Standard",136,"-0.036","0.557","79.5","7.2",,0.41,"-0.557","88.0",-3,3,0.139,0.861,33,37,33,38,3,2,6,1,5,1,"0.82","0.59","-0.59","42.4",13.609916434199704,8.09134180069793,31.896775869428797,32.34880625083922,21.32233272113323
"CH","2024-06-01","87.5","2.35","5.37","McCutchen, Andrew",457705,579328,,"foul",,,,,8,,"R","R","L","TOR","PIT","S",,,2,1,2024,"1","0.74",0.13716759453436878,1.92310092587767,669707,,,1,5,"Top",,,,,,,-7.49839137462185,-127.3177577277821,-3.784891754392125,12.341334256410985,24.03717347141557,-23.573676321239848,3.45,1.67,245,"88.7",51,"89",1509,"7",744932,672386,665489,624415,643396,666182,676914,662139,543807,"53.47",,,,,,,,35,4,"Changeup",0,3,3,0,3,0,3,0,"Strategic","Standard",138,"0.006","-0.108","79.5","7.7",,,"0.108","88.7",-3,3,0.133,0.867,33,37,33,38,3,2,6,1,5,1,"2.22","1","-1","45.0",22.050476481337537,7.272944706443445,30.56849911144559,38.73949563557254,25.14555498418626
"FF","2024-06-01","93.3","-1.95","5.79","Vogelbach, Daniel",596129,656605,,"ball",,,,,14,,"R","L","R","TOR","PIT","B",,,1,0,2024,"-0.67","1.26",1.2961534746251286,2.4692624707897655,,,,0,4,"Bot",,,,,,,9.829463188157922,-135.54716497512385,-5.588423601457526,-10.334412187690887,27.35747612577271,-15.52724332419839,3.29656036086766,1.71195853578023,,,,"93.6",2469,"6.4",744932,518735,656582,669707,663647,693304,668804,572191,658668,"54.12",,,,,,,,30,2,"4-Seam Fastball",0,3,0,3,3,0,0,3,"Standard","Standard",221,"0.009","0.069",,,,,"-0.069",,-3,-3,0.22,0.22,28,31,28,32,2,1,7,1,6,1,"1.35","0.67","-0.67","34.8",,,,,
"FF","2024-06-01","94","-1.97","5.77","Vogelbach, Daniel",596129,656605,,"ball",,,,,12,,"R","L","R","TOR","PIT","B",,,0,0,2024,"-0.79","1.3",1.3023269233691699,2.615391720192413,,,,0,4,"Bot",,,,,,,10.22992384806407,-136.51932920482895,-5.362609082240983,-12.089115558973107,28.391739454203957,-14.820516211546435,3.29656547371899,1.64192945279781,,,,"94.1",2418,"6.3",744932,518735,656582,669707,663647,693304,668804,572191,658668,"54.18",,,,,,,,30,1,"4-Seam Fastball",0,3,0,3,3,0,0,3,"Standard","Standard",219,"0.004","0.038",,,,,"-0.038",,-3,-3,0.216,0.216,28,31,28,32,2,1,7,1,6,1,"1.27","0.79","-0.79","32.7",,,,,
"FF","2024-06-01","96.4","2.44","5.31","McCutchen, Andrew",457705,579328,,"ball",,,,,13,,"R","R","L","TOR","PIT","B",,,1,1,2024,"0.48","1.59",-1.3104805262958048,2.25665237270913,669707,,,1,5,"Top",,,,,,,-11.193097857309686,-139.98439558644154,-6.257730681794313,8.665201749926567,29.911693369644716,-9.925567808542501,3.45229125462561,1.63080386073871,,,,"97.8",2290,"7",744932,672386,665489,624415,643396,666182,676914,662139,543807,"53.45",,,,,,,,35,3,"4-Seam Fastball",0,3,3,0,3,0,3,0,"Strategic","Standard",129,"-0.003","0.02",,,,,"-0.02",,-3,3,0.136,0.864,33,37,33,38,3,2,6,1,5,1,"0.86","0.48","-0.48","42.5",,,,,
"FF","2024-06-01","96.8","2.51","5.24","McCutchen, Andrew",457705,579328,,"blocked_ball",,,,,13,,"R","R","L","TOR","PIT","B",,,0,1,2024,"0.89","1.47",-0.17671760438203388,0.6037426010110736,669707,,,1,5,"Top",,,,,,,-9.316471977295008,-140.3956802269332,-10.302044847335669,13.836409756281695,30.738890188950343,-10.54691213898033,3.42919172691844,1.62844357943239,,,,"98.1",2314,"7.1",744932,672386,665489,624415,643396,666182,676914,662139,543807,"53.37",,,,,,,,35,2,"4-Seam Fastball",0,3,3,0,3,0,3,0,"Strategic","Standard",137,"-0.003","0.025",,,,,"-0.025",,-3,3,0.139,0.861,33,37,33,38,3,2,6,1,5,1,"0.97","0.89","-0.89","41.1",,,,,
"SI","2024-06-01","93.2","-1.95","5.76","Bichette, Bo",666182,656605,"field_out","hit_into_play",,,,,5,"Bo Bichette grounds out to first baseman Connor Joe.","R","R","R","TOR","PIT","X",3,"ground_ball",1,2,2024,"-1.02","0.82",-0.13037793114289875,2.7206169371725544,,,665489,2,3,"Bot",150.97,171.34,,,,,6.925428560265674,-135.53676222928692,-3.8278195580691645,-14.094993950481499,30.138280666587235,-21.41769035245219,3.68,1.69,24,"79.2",-4,"93.3",2362,"6.4",744932,518735,656582,669707,663647,693304,668804,572191,658668,"54.08",0.099,0.089,"0",1,0,0,2,26,5,"Sinker",0,3,0,3,3,0,0,3,"Standard","Standard",219,"-0.015","-0.197","67.0","6.0",,0.118,"0.197","88.0",-3,-3,0.201,0.201,28,26,28,26,2,1,7,1,6,1,"1.81","1.02","1.02","33.3",-16.911201443886963,27.478052513213978,42.80044942601512,31.14518428958979,7.1613911818091225
"CH","2024-06-01","87.2","2.5","5.35","McCutchen, Andrew",457705,579328,,"called_strike",,,,,14,,"R","R","L","TOR","PIT","S",,,0,0,2024,"0.88","1.05",1.0221158561021193,2.0430892833522,669707,,,1,5,"Top",,,,,,,-5.452335292171107,-126.98192248956259,-4.0385516130217995,10.59036694080273,24.00841642732655,-20.202706408108025,3.54151281724403,1.68510613098549,,,,"88.9",1728,"7.1",744932,672386,665489,624415,643396,666182,676914,662139,543807,"53.4",,,,,,,,35,1,"Changeup",0,3,3,0,3,0,3,0,"Strategic","Standard",142,"0.005","-0.049",,,,,"0.049",,-3,3,0.134,0.866,33,37,33,38,3,2,6,1,5,1,"1.93","0.88","-0.88","45.5",,,,,
"FF","2024-06-01","95","-1.91","5.78","Bichette, Bo",666182,656605,,"foul",,,,,2,,"R","R","R","TOR","PIT","S",,,1,2,2024,"-0.67","1.46",0.08405687332566258,3.580068535304415,,,665489,2,3,"Bot",,,,,,,6.706757349901533,-138.20136906363598,-3.3821285101521323,-10.119419483176593,31.205160656484324,-12.858227491176503,3.68,1.69,243,"77.5",36,"94.7",2526,"6.2",744932,518735,656582,669707,663647,693304,668804,572191,658668,"54.32",,,,,,,,26,4,"4-Seam Fastball",0,3,0,3,3,0,0,3,"Standard","Standard",219,"0","0","57.9","5.5",,,"0","88.0",-3,-3,0.201,0.201,28,26,28,26,2,1,7,1,6,1,"1.07","0.67","0.67","36.7",-20.605303110943396,23.96416238046678,34.947185131839774,34.19196947125665,6.6903913751010275
"FF","2024-06-01","92.9","2.48","5.32","Taylor, Michael A.",572191,579328,"sac_bunt","hit_into_play",,,,,3,"Michael A. Taylor out on a sacrifice bunt, third baseman Isiah Kiner-Falefa to second baseman Cavan Biggio. Jared Triolo to 3rd.","R","R","L","TOR","PIT","X",5,"ground_ball",1,0,2024,"0.3","1.41",0.5447043822038347,3.255737489792981,,669707,,0,5,"Top",120.65,190.74,,,,,-5.695649054092639,-135.22235785835827,-2.6391870310777215,4.9652451801567565,29.320381952161814,-14.510451670181807,3.55,1.63,40,"26.3",26,"94.3",2316,"7.1",744932,672386,665489,624415,643396,666182,676914,662139,543807,"53.43",,,"0.2",0,0,0,1,34,2,"4-Seam Fastball",0,3,3,0,3,0,3,0,"Strategic","Standard",150,"0.005","-0.062",,,,,"0.062","88.0",-3,3,0.129,0.871,33,33,33,33,2,1,6,3,5,7,"1.23","0.3","-0.3","43.3",,,,,
"SI","2024-06-01","92.8","-1.88","5.81","Bichette, Bo",666182,656605,,"foul_tip",,,,,2,,"R","R","R","TOR","PIT","S",,,1,1,2024,"-1.34","1.12",-0.21422680716707032,3.5310923150079603,,,665489,2,3,"Bot",,,,,,,7.183896949742528,-134.93426970893978,-2.4989968548449357,-17.95431264959142,28.81100927152429,-18.095518723044506,3.68,1.69,,,,"92.8",2509,"6.3",744932,518735,656582,669707,663647,693304,668804,572191,658668,"54.21",,,,,,,,26,3,"Sinker",0,3,0,3,3,0,0,3,"Standard","Standard",209,"-0.006","-0.06","66.3","5.6",,,"0.06",,-3,-3,0.207,0.207,28,26,28,26,2,1,7,1,6,1,"1.52","1.34","1.34","33.7",-12.717322401462171,24.879069979533682,33.333940601074616,29.703224438961556,14.226964904131286
"SL","2024-06-01","87.3","-1.78","5.89","Bichette, Bo",666182,656605,,"foul",,,,,9,,"R","R","R","TOR","PIT","S",,,1,0,2024,"0.39","0.04",0.7614356293307337,2.296411896241988,,,665489,2,3,"Bot",,,,,,,5.322092080639006,-127.20453202772933,-2.661162280522939,3.2270067283984907,23.79827053020876,-31.42146949912043,3.68,1.69,104,"71.3",71,"87.8",2458,"6.3",744932,518735,656582,669707,663647,693304,668804,572191,658668,"54.16",,,,,,,,26,2,"Slider",0,3,0,3,3,0,0,3,"Standard","Standard",121,"-0.003","-0.048","72.9","8.1",,,"0.048","88.0",-3,-3,0.21,0.21,28,26,28,26,2,1,7,1,6,1,"2.92","-0.39","-0.39","43.5",5.214845568903011,-6.650097483694208,29.062604720654175,42.23703430448507,29.680712921093587
"FF","2024-06-01","94.3","2.55","5.28","Taylor, Michael A.",572191,579328,,"ball",,,,,3,,"R","R","L","TOR","PIT","B",,,0,0,2024,"0.57","1.35",0.4736963004505863,2.671125491622413,,669707,,0,5,"Top",,,,,,,-6.751830419325649,-137.14320066502987,-4.116950330738937,8.737383780998112,29.929467745724526,-14.437584620612022,3.17303468553033,1.41630248392744,,,,"95.3",2280,"6.9",744932,672386,665489,624415,643396,666182,676914,662139,543807,"53.6",,,,,,,,34,1,"4-Seam Fastball",0,3,3,0,3,0,3,0,"Strategic","Standard",143,"-0.001","0.038",,,,,"-0.038",,-3,3,0.13,0.87,33,33,33,33,2,1,6,3,5,7,"1.22","0.57","-0.57","40.5",,,,,
"FC","2024-06-01","91.2","-1.89","5.98","Bichette, Bo",666182,656605,,"ball",,,,,11,,"R","R","R","TOR","PIT","B",,,0,0,2024,"0.23","0.82",-0.4558234271974554,4.636341846180392,,,665489,2,3,"Bot",,,,,,,3.127260453333304,-132.86200276536366,0.6890711342311991,2.1149711241101943,25.639097899052327,-22.730603603271863,3.85878254243282,1.81387133196725,,,,"91.8",2260,"6.3",744932,518735,656582,669707,663647,693304,668804,572191,658668,"54.16",,,,,,,,26,1,"Cutter",0,3,0,3,3,0,0,3,"Standard","Standard",196,"0.002","0.034",,,,,"-0.034",,-3,-3,0.208,0.208,28,26,28,26,2,1,7,1,6,1,"1.89","-0.23","-0.23","38.0",,,,,
"CU","2024-06-01","82.1","2.02","5.53","Triolo, Jared",669707,579328,"double","hit_into_play",,,,,4,"Jared Triolo doubles (4) on a ground ball to left fielder Davis Schneider.","R","R","L","TOR","PIT","X",7,"ground_ball",2,2,2024,"-0.5","-0.06",-0.5046599496325331,2.3316483681943,,,,0,5,"Top",56.98,117.37,,,,,-4.802830206591714,-119.4896542075916,-0.6035520054202355,-3.957403876505711,22.00642720938816,-32.87041684163912,3.61,1.67,51,"101.5",0,"83.2",2345,"6.9",744932,672386,665489,624415,643396,666182,676914,662139,543807,"53.56",0.455,0.41,"1.25",1,1,1,4,33,5,"Curveball",0,3,3,0,3,0,3,0,"Standard","Standard",325,"-0.036","0.721","75.9","7.9",,0.487,"-0.721","101.5",-3,3,0.166,0.834,33,26,33,26,2,1,6,1,5,4,"3.43","-0.5","0.5","53.6",14.046833490879152,-11.268456997629952,41.028890722525766,33.8998688374678,35.03872090440172
"FF","2024-06-01","96.8","2.43","5.38","Triolo, Jared",669707,579328,,"ball",,,,,11,,"R","R","L","TOR","PIT","B",,,1,2,2024,"0.72","1.45",-0.9437665828865739,3.1276173797132,,,,0,5,"Top",,,,,,,-10.761701762516491,-140.5758973057053,-3.7454692486385315,12.148365789214447,33.655942132552376,-12.348164348694015,3.56941317080125,1.5957057229189,,,,"97.4",2381,"6.9",744932,672386,665489,624415,643396,666182,676914,662139,543807,"53.62",,,,,,,,33,4,"4-Seam Fastball",0,3,3,0,3,0,3,0,"Standard","Standard",145,"-0.002","0.04",,,,,"-0.04",,-3,3,0.168,0.832,33,26,33,26,2,1,6,1,5,4,"1.01","0.72","-0.72","39.9",,,,,
"FF","2024-06-01","95.8","-1.82","5.76","Guerrero Jr., Vladimir",665489,656605,"single","hit_into_play",,,,,5,"Vladimir Guerrero Jr. singles on a sharp line drive to right fielder Edward Olivares.","R","R","R","TOR","PIT","X",9,"line_drive",3,2,2024,"-0.92","1.1",0.242073830807629,2.516852312457257,,,,2,3,"Bot",217.12,99.03,,,,,7.528380659989145,-139.34625156464304,-5.4871773011105125,-13.566813767296143,28.06288484083804,-16.827108908468336,3.69,1.7,333,"103",19,"96.4",2458,"6.4",744932,518735,656582,669707,663647,693304,668804,572191,658668,"54.06",0.401,0.629,"0.9",1,1,0,5,25,8,"4-Seam Fastball",0,3,0,3,3,0,0,3,"Standard","Standard",217,"0.01","0.263","73.0","7.2",,1.137,"-0.263","103.0",-3,-3,0.198,0.198,28,25,28,25,2,1,7,1,6,1,"1.37","0.92","0.92","33.5",-3.1505407590302164,16.974504925643544,30.23347631552371,44.250388830142846,21.757089311246588
"FF","2024-06-01","95.9","2.46","5.4","Triolo, Jared",669707,579328,,"swinging_strike",,,,,12,,"R","R","L","TOR","PIT","S",,,1,1,2024,"0.69","1.58",0.31673442879290414,3.817881837876822,,,,0,5,"Top",,,,,,,-7.319863804529917,-139.49837493284383,-2.1372628028299068,10.695731753760544,32.968767587236044,-11.319686345557914,3.61,1.67,,,,"96.9",2208,"7",744932,672386,665489,624415,643396,666182,676914,662139,543807,"53.51",,,,,,,,33,3,"4-Seam Fastball",0,3,3,0,3,0,3,0,"Standard","Standard",152,"0.003","-0.056","65.6","6.9","0.129714396",,"0.056",,-3,3,0.165,0.835,33,26,33,26,2,1,6,1,5,4,"0.91","0.69","-0.69","43.7",4.453420305374738,10.170452375069262,29.70960226288623,42.25220336116351,16.81711107596835
"FC","2024-06-01","93","-1.82","5.87","Guerrero Jr., Vladimir",665489,656605,,"foul",,,,,14,,"R","R","R","TOR","PIT","S",,,3,2,2024,"0.19","0.66",1.2945497945621338,2.6055491317088078,,,,2,3,"Bot",,,,,,,7.5722888710008585,-135.35652426149488,-4.098329410432337,0.9405701654568785,26.197968281632047,-23.42309708557283,3.69,1.7,,,,"93.6",2432,"6.4",744932,518735,656582,669707,663647,693304,668804,572191,658668,"54.15",,,,,,,,25,7,"Cutter",0,3,0,3,3,0,0,3,"Standard","Standard",191,"0","0","74.0","7.5",,,"0",,-3,-3,0.198,0.198,28,25,28,25,2,1,7,1,6,1,"1.96","-0.19","-0.19","38.4",-0.8174113505782088,16.50646958652148,25.817265916471722,55.855837936419576,19.48370235383602
"FF","2024-06-01","96.5","-1.99","5.72","Guerrero Jr., Vladimir",665489,656605,,"ball",,,,,1,,"R","R","R","TOR","PIT","B",,,2,2,2024,"-1.04","1.06",-0.6370956186865719,3.6715842501581832,,,,2,3,"Bot",,,,,,,5.952211940306988,-140.53593463479683,-2.3385991745914607,-15.040483768590708,28.38684710517509,-17.78377283897536,3.70326532022609,1.67050347577088,,,,"96.9",2245,"6.2",744932,518735,656582,669707,663647,693304,668804,572191,658668,"54.26",,,,,,,,25,6,"4-Seam Fastball",0,3,0,3,3,0,0,3,"Standard","Standard",226,"0.003","0.106",,,,,"-0.106",,-3,-3,0.195,0.195,28,25,28,25,2,1,7,1,6,1,"1.37","1.04","1.04","30.8",,,,,
"FF","2024-06-01","94.2","2.42","5.35","Triolo, Jared",669707,579328,,"foul",,,,,2,,"R","R","L","TOR","PIT","S",,,1,0,2024,"0.44","1.26",0.061791782304976894,3.177229327323444,,,,0,5,"Top",,,,,,,-7.1815348683180025,-136.98572624603617,-2.757005931258167,7.111814985235866,29.68431990632394,-15.893953509662472,3.61,1.67,210,"83.8",56,"95.3",2072,"6.9",744932,672386,665489,624415,643396,666182,676914,662139,543807,"53.59",,,,,,,,33,2,"4-Seam Fastball",0,3,3,0,3,0,3,0,"Standard","Standard",147,"0.003","-0.049","71.0","7.6",,,"0.049","88.0",-3,3,0.162,0.838,33,26,33,26,2,1,6,1,5,4,"1.31","0.44","-0.44","45.3",7.004534685687595,3.042268501907458,32.14647306570823,39.20720721116716,25.696760505085205
"SI","2024-06-01","95.2","-1.99","5.62","Guerrero Jr., Vladimir",665489,656605,,"foul",,,,,9,,"R","R","R","TOR","PIT","S",,,2,2,2024,"-1.32","0.66",0.2960815023120069,1.895859630772438,,,,2,3,"Bot",,,,,,,8.943764199034021,-138.33946761148198,-5.616888569214616,-18.924081364031533,29.09245045083592,-22.666868775327064,3.69,1.7,83,"41.6",24,"95.2",2474,"6.2",744932,518735,656582,669707,663647,693304,668804,572191,658668,"54.28",,,,,,,,25,5,"Sinker",0,3,0,3,3,0,0,3,"Standard","Standard",222,"0","0","69.3","8.2",,,"0","88.0",-3,-3,0.195,0.195,28,25,28,25,2,1,7,1,6,1,"1.85","1.32","1.32","30.2",10.270065540869572,2.683905287912411,27.71145546893922,46.25784484952567,29.397713398123507
"CU","2024-06-01","79.8","1.99","5.56","Triolo, Jared",669707,579328,,"ball",,,,,13,,"R","R","L","TOR","PIT","B",,,0,0,2024,"-0.59","-0.36",-0.5821256945612616,0.9297889756776576,,,,0,5,"Top",,,,,,,-4.594023635988725,-116.1252143284494,-2.7993033810759713,-4.507671183123181,21.647855368057897,-35.146044677004525,3.55585966437108,1.62035361803069,,,,"80.9",2455,"7",744932,672386,665489,624415,643396,666182,676914,662139,543807,"53.5",,,,,,,,33,1,"Curveball",0,3,3,0,3,0,3,0,"Infield shade","Standard",327,"-0.002","0.038",,,,,"-0.038",,-3,3,0.164,0.836,33,26,33,26,2,1,6,1,5,4,"3.94","-0.59","0.59","55.4",,,,,
"CU","2024-06-01","84.8","2.03","5.57","Grandal, Yasmani",518735,579328,"strikeout","swinging_strike_blocked",,,,,13,"Yasmani Grandal strikes out swinging.","R","R","L","TOR","PIT","S",2,,0,2,2024,"-0.39","-0.47",-0.227195638397985,0.8251198641093249,,,,2,4,"Top",,,,,,,-4.570329466189887,-123.45085880749555,-3.8766209631485946,-3.0607099001014353,24.069561724409933,-36.39956408004339,3.22,1.49,,,,"86",2432,"7",744932,672386,665489,624415,643396,666182,676914,662139,543807,"53.53",,0,"0",1,0,0,,29,3,"Curveball",0,3,3,0,3,0,3,0,"Standard","Standard",313,"0.004","-0.157","68.8","7.9","0.583096896",,"0.157",,-3,3,0.212,0.788,33,35,33,36,2,1,6,1,5,1,"3.63","-0.39","0.39","53.1",10.3543364217299,-13.817254847973569,31.629896888416535,36.682687616931,42.207255110415616
"ST","2024-06-01","84.3","-1.94","5.67","Guerrero Jr., Vladimir",665489,656605,,"ball",,,,,14,,"R","R","R","TOR","PIT","B",,,1,2,2024,"1.74","0.16",1.907729804735969,2.349921896166552,,,,2,3,"Bot",,,,,,,5.510832635363738,-122.73795992654566,-1.6396984831525132,16.346816581213808,25.487396790390147,-30.412747934003725,3.56337859239412,1.62278249512751,,,,"84.4",2748,"6.4",744932,518735,656582,669707,663647,693304,668804,572191,658668,"54.06",,,,,,,,25,4,"Sweeper",0,3,0,3,3,0,0,3,"Standard","Standard",64,"0.002","0.039",,,,,"-0.039",,-3,-3,0.193,0.193,28,25,28,25,2,1,7,1,6,1,"3.05","-1.74","-1.74","33.5",,,,,
"FC","2024-06-01","89.4","-1.77","5.91","Guerrero Jr., Vladimir",665489,656605,,"called_strike",,,,,14,,"R","R","R","TOR","PIT","S",,,1,1,2024,"0.41","0.42",0.8986890813448116,2.0701528733295214,,,,2,3,"Bot",,,,,,,5.734693219534993,-130.11485892150247,-4.38975870828871,3.532237941337702,25.12042977280041,-26.676466745820882,3.6446355197178,1.6524547452095,,,,"89.8",2330,"6.3",744932,518735,656582,669707,663647,693304,668804,572191,658668,"54.15",,,,,,,,25,3,"Cutter",0,3,0,3,3,0,0,3,"Infield shade","Standard",158,"-0.003","-0.064",,,,,"0.064",,-3,-3,0.196,0.196,28,25,28,25,2,1,7,1,6,1,"2.41","-0.41","-0.41","39.6",,,,,
"CH","2024-06-01","85.7","2.25","5.47","Grandal, Yasmani",518735,579328,,"foul",,,,,8,,"R","R","L","TOR","PIT","S",,,0,1,2024,"0.91","0.91",0.22903387779033813,1.644544328889398,,,,2,4,"Top",,,,,,,-6.689776896616288,-124.77667307524473,-4.750548496232094,10.793970317536171,20.99099129934005,-21.920515140055805,3.22,1.49,238,"83.3",50,"87.2",2229,"6.9",744932,672386,665489,624415,643396,666182,676914,662139,543807,"53.63",,,,,,,,29,2,"Changeup",0,3,3,0,3,0,3,0,"Standard","Standard",198,"0.002","-0.058","74.0","7.2",,,"0.058","88.0",-3,3,0.21,0.79,33,35,33,36,2,1,6,1,5,1,"2.15","0.91","-0.91","46.3",1.7130618240473705,12.3043226871686,36.491704198487156,41.208989002997114,30.48146485755163
"CU","2024-06-01","82","2.02","5.57","Grandal, Yasmani",518735,579328,,"called_strike",,,,,5,,"R","R","L","TOR","PIT","S",,,0,0,2024,"-0.5","-0.35",-0.05054173369471365,2.591173294466992,,,,2,4,"Top",,,,,,,-3.769837355424689,-119.56110633545991,0.3889815468800324,-4.2440813521870675,19.424967133100285,-35.84600870803621,3.22580149891094,1.45910825451722,,,,"83.6",2361,"6.9",744932,672386,665489,624415,643396,666182,676914,662139,543807,"53.62",,,,,,,,29,1,"Curveball",0,3,3,0,3,0,3,0,"Infield shade","Standard",320,"0.001","-0.041",,,,,"0.041",,-3,3,0.209,0.791,33,35,33,36,2,1,6,1,5,1,"3.69","-0.5","0.5","55.4",,,,,
"SI","2024-06-01","93.7","-2.11","5.75","Guerrero Jr., Vladimir",665489,656605,,"foul",,,,,13,,"R","R","R","TOR","PIT","S",,,1,0,2024,"-1.2","0.69",-1.20884317447962,2.080541293970061,,,,2,3,"Bot",,,,,,,4.961086754848155,-136.383484272004,-5.3037363279332155,-16.038928007815855,27.6339387375559,-22.648791640704584,3.69,1.7,6,"69.8",-18,"94",2498,"6.3",744932,518735,656582,669707,663647,693304,668804,572191,658668,"54.22",,,,,,,,25,2,"Sinker",0,3,0,3,3,0,0,3,"Infield shade","Standard",221,"-0.001","-0.051","79.1","7.7",,,"0.051","88.0",-3,-3,0.197,0.197,28,25,28,25,2,1,7,1,6,1,"1.89","1.2","1.2","32.8",-2.2435854503289927,-7.987639386999515,37.234692980326344,26.44842027781551,33.9299069284268
"FF","2024-06-01","96","2.43","5.35","Gonzales, Nick",693304,579328,"field_out","hit_into_play",,,,,1,"Nick Gonzales flies out to center fielder Daulton Varsho.","R","R","L","TOR","PIT","X",8,"fly_ball",0,0,2024,"0.71","1.39",-0.41405210410601323,3.030120128449827,,,,1,4,"Top",122.98,94.58,,,,,-9.259198764446845,-139.4478447901192,-3.6647868489189506,11.463307862390534,33.923899186592585,-13.449753665609668,3.39,1.55,262,"82.1",43,"96.8",2277,"7",744932,672386,665489,624415,643396,666182,676914,662139,543807,"53.49",0.008,0.007,"0",1,0,0,3,28,1,"4-Seam Fastball",0,3,3,0,3,0,3,0,"Standard","Standard",139,"0.01","-0.256","71.0","6.8",,0.011,"0.256","88.0",-3,3,0.199,0.801,33,25,33,25,2,1,6,1,5,1,"1.11","0.71","-0.71","41.8",14.055278824353259,4.462110234526334,32.627097087656374,31.384227127012608,29.624744057985616
"FC","2024-06-01","92.4","-1.89","5.89","Guerrero Jr., Vladimir",665489,656605,,"ball",,,,,3,,"R","R","R","TOR","PIT","B",,,0,0,2024,"0.17","0.58",0.3001208151739118,3.5517164001096244,,,,2,3,"Bot",,,,,,,5.218244516653102,-134.5946414150704,-1.4847536526190983,1.1647264598473195,25.078304236311645,-24.967763672546834,3.68141835854539,1.62796860370424,,,,"93.1",2517,"6.3",744932,518735,656582,669707,663647,693304,668804,572191,658668,"54.19",,,,,,,,25,1,"Cutter",0,3,0,3,3,0,0,3,"Infield shade","Standard",157,"0.001","0.04",,,,,"-0.04",,-3,-3,0.196,0.196,28,25,28,25,2,1,7,1,6,1,"2.05","-0.17","-0.17","38.2",,,,,
"CH","2024-06-01","86.7","2.41","5.37","Hayes, Ke'Bryan",663647,579328,"strikeout","swinging_strike",,,,,12,"Ke'Bryan Hayes strikes out swinging.","R","R","L","TOR","PIT","S",2,,1,2,2024,"0.85","0.91",1.3475499547812193,2.523646768363154,,,,0,4,"Top",,,,,,,-4.347967966652489,-126.32541707783842,-2.541908911418865,10.012646014600517,24.324517329850664,-22.104873280199282,3.26,1.55,,,,"88",1449,"6.9",744932,672386,665489,624415,643396,666182,676914,662139,543807,"53.61",,0,"0",1,0,0,,27,5,"Changeup",0,3,3,0,3,0,3,0,"Standard","Standard",145,"0.009","-0.186","70.2","7.6","1.024295172",,"0.186",,-3,3,0.19,0.81,33,27,33,27,2,1,6,1,5,1,"2.1","0.85","-0.85","44.7",4.87763485665665,-12.492502517833554,17.263168356467165,51.15689091590413,44.51673709109216
"SI","2024-06-01","94.7","-2","5.59","Varsho, Daulton",662139,656605,"strikeout","called_strike",,,,,2,"Daulton Varsho called out on strikes.","R","L","R","TOR","PIT","S",2,,0,2,2024,"-1.27","0.53",0.10795638348603354,3.206887525602463,,,,1,3,"Bot",,,,,,,8.321111519469707,-137.76824262156276,-1.7386604486979729,-18.04661913505898,29.5078445447628,-25.263013318612288,3.15663199774248,1.47847908579082,,,,"94.7",2492,"6.2",744932,518735,656582,669707,663647,693304,668804,572191,658668,"54.27",,0,"0",1,0,0,,24,3,"Sinker",0,3,0,3,3,0,0,3,"Standard","Standard",227,"-0.01","-0.162",,,,,"0.162",,-3,-3,0.206,0.206,28,27,28,28,2,1,7,3,6,1,"2.01","1.27","-1.27","29.1",,,,,
"FC","2024-06-01","92","-1.96","5.8","Varsho, Daulton",662139,656605,,"called_strike",,,,,3,,"R","L","R","TOR","PIT","S",,,0,1,2024,"-0.02","1",0.47535454827946677,2.8791113193280937,,,,1,3,"Bot",,,,,,,6.236027271106868,-134.0498755818444,-3.8428802199964793,-1.411040056930204,24.06519180038913,-19.44289530925684,3.15663771588162,1.5115445494081,,,,"92.8",2455,"6.3",744932,518735,656582,669707,663647,693304,668804,572191,658668,"54.18",,,,,,,,24,2,"Cutter",0,3,0,3,3,0,0,3,"Standard","Standard",200,"-0.004","-0.057",,,,,"0.057",,-3,-3,0.21,0.21,28,27,28,28,2,1,7,3,6,1,"1.65","0.02","-0.02","35.9",,,,,
"CH","2024-06-01","86.6","2.16","5.43","Hayes, Ke'Bryan",663647,579328,,"foul",,,,,9,,"R","R","L","TOR","PIT","S",,,1,2,2024,"0.86","1.05",0.7384680689286199,1.7073575532022633,,,,0,4,"Top",,,,,,,-5.201333407792799,-126.12357960148344,-4.990427630547021,10.137801266484875,21.72274825966016,-20.10081078821921,3.26,1.55,5,"52.1",-20,"88.2",1708,"6.9",744932,672386,665489,624415,643396,666182,676914,662139,543807,"53.61",,,,,,,,27,4,"Changeup",0,3,3,0,3,0,3,0,"Standard","Standard",138,"0","0","75.5","7.1",,,"0","88.0",-3,3,0.19,0.81,33,27,33,27,2,1,6,1,5,1,"1.94","0.86","-0.86","49.9",2.869782728343848,-0.46113235108159,25.76194689887025,45.24245300306039,40.96375896956266
"FF","2024-06-01","94.4","-1.98","5.67","Varsho, Daulton",662139,656605,,"called_strike",,,,,6,,"R","L","R","TOR","PIT","S",,,0,0,2024,"-0.96","1.17",0.3397467385690627,1.9972313108416628,,,,1,3,"Bot",,,,,,,8.171776298179196,-137.2304043626098,-6.508169243394286,-13.834006432335991,28.233624186099444,-16.08549054053874,3.03393792896151,1.39666814199234,,,,"94.6",2347,"6.3",744932,518735,656582,669707,663647,693304,668804,572191,658668,"54.18",,,,,,,,24,1,"4-Seam Fastball",0,3,0,3,3,0,0,3,"Standard","Standard",221,"-0.002","-0.037",,,,,"0.037",,-3,-3,0.212,0.212,28,27,28,28,2,1,7,3,6,1,"1.38","0.96","-0.96","37.5",,,,,
"FF","2024-06-01","95.2","2.61","5.23","Hayes, Ke'Bryan",663647,579328,,"foul",,,,,3,,"R","R","L","TOR","PIT","S",,,1,1,2024,"0.34","1.26",0.4016270877328724,3.0640124779267817,,,,0,4,"Top",,,,,,,-6.644969107419869,-138.51298549524446,-2.8813305566742953,5.878587465963917,32.29849392381787,-15.569099134974415,3.26,1.55,210,"80.4",59,"96.3",2231,"7",744932,672386,665489,624415,643396,666182,676914,662139,543807,"53.5",,,,,,,,27,3,"4-Seam Fastball",0,3,3,0,3,0,3,0,"Standard","Standard",146,"0.003","-0.056","66.5","6.1",,,"0.056","88.0",-3,3,0.187,0.813,33,27,33,27,2,1,6,1,5,1,"1.27","0.34","-0.34","36.9",-3.4934975036185056,23.689223500918335,20.83901713081654,41.01209680161335,25.491102652991962
"FF","2024-06-01","94.1","2.41","5.37","Hayes, Ke'Bryan",663647,579328,,"swinging_strike",,,,,11,,"R","R","L","TOR","PIT","S",,,1,0,2024,"0.22","1.45",-0.21943929077904994,3.7243320554144206,,,,0,4,"Top",,,,,,,-7.408246470524294,-136.89017611227817,-1.8008289673561815,4.398492498780944,29.67700621713971,-13.713910637228643,3.26,1.55,,,,"95.2",2271,"6.9",744932,672386,665489,624415,643396,666182,676914,662139,543807,"53.57",,,,,,,,27,2,"4-Seam Fastball",0,3,3,0,3,0,3,0,"Standard","Standard",156,"0.003","-0.049","62.5","5.6","0.544696428",,"0.049",,-3,3,0.184,0.816,33,27,33,27,2,1,6,1,5,1,"1.12","0.22","-0.22","45.2",5.485369564526528,22.106411257636747,18.159108024248795,32.386699810029015,21.019613732740407
"SI","2024-06-01","92.6","-2.05","5.73","Schneider, Davis",676914,656605,"field_out","hit_into_play",,,,,1,"Davis Schneider flies out to left fielder Bryan Reynolds.","R","R","R","TOR","PIT","X",7,"fly_ball",0,1,2024,"-1.24","0.51",-0.48578357908726644,2.714415872315799,,,,0,3,"Bot",46.97,93.93,,,,,6.702890129586758,-134.7122962428969,-3.0558508839608134,-16.51644517509409,26.889587256623344,-25.504625606641667,3.08,1.49,324,"86.1",32,"92.9",2381,"6.3",744932,518735,656582,669707,663647,693304,668804,572191,658668,"54.21",0.021,0.023,"0",1,0,0,3,23,2,"Sinker",0,3,0,3,3,0,0,3,"Infield shade","Standard",225,"-0.02","-0.217","72.4","6.9",,0.041,"0.217","88.0",-3,-3,0.232,0.232,28,25,28,25,2,1,7,1,6,1,"2.13","1.24","1.24","32.8",17.230391631709132,-9.012703969220084,30.50170298175632,28.64917857464561,31.4037309156251
"SI","2024-06-01","93.2","-1.99","5.68","Schneider, Davis",676914,656605,,"called_strike",,,,,8,,"R","R","R","TOR","PIT","S",,,0,0,2024,"-1.29","0.98",0.2526704837212792,1.8750968900245375,,,,0,3,"Bot",,,,,,,8.604241517554632,-135.3717380378583,-6.184745094716808,-17.7138843602807,27.852938836533145,-18.93661026439579,3.11578203004992,1.49233515512263,,,,"93.4",2428,"6.4",744932,518735,656582,669707,663647,693304,668804,572191,658668,"54.12",,,,,,,,23,1,"Sinker",0,3,0,3,3,0,0,3,"Infield shade","Standard",228,"-0.004","-0.037",,,,,"0.037",,-3,-3,0.236,0.236,28,25,28,25,2,1,7,1,6,1,"1.64","1.29","1.29","31.3",,,,,
"FF","2024-06-01","94.2","2.36","5.49","Hayes, Ke'Bryan",663647,579328,,"ball",,,,,12,,"R","R","L","TOR","PIT","B",,,0,0,2024,"0.4","1.49",1.1574320370920739,4.518194103817604,,,,0,4,"Top",,,,,,,-4.073650611988806,-137.16245511903847,-0.12881375326841532,5.96577590968181,29.899677107605502,-13.557230007540522,3.16480579925524,1.49972757473134,,,,"95.3",2250,"6.9",744932,672386,665489,624415,643396,666182,676914,662139,543807,"53.64",,,,,,,,27,1,"4-Seam Fastball",0,3,3,0,3,0,3,0,"Standard","Standard",146,"-0.002","0.038",,,,,"-0.038",,-3,3,0.186,0.814,33,27,33,27,2,1,6,1,5,1,"1.07","0.4","-0.4","45.0",,,,,
"CH","2024-06-01","86.3","2.18","5.4","Olivares, Edward",658668,579328,"field_out","hit_into_play",,,,,8,"Edward Olivares grounds out sharply, third baseman Isiah Kiner-Falefa to first baseman Vladimir Guerrero Jr.","R","R","L","TOR","PIT","X",5,"ground_ball",0,2,2024,"1.01","0.86",-0.16482425537559564,1.6772189112778546,,,,2,3,"Top",116.56,190.31,,,,,-7.733643708207957,-125.55407012820382,-4.507854510466857,12.183364738423984,21.874607517584284,-22.352773329771235,3.71,1.76,39,"102.3",0,"87.7",1719,"6.9",744932,672386,665489,624415,643396,666182,676914,662139,543807,"53.62",0.455,0.41,"0",1,0,0,4,22,3,"Changeup",0,3,3,0,3,0,3,0,"Standard","Standard",151,"0.004","-0.157","71.8","7.8",,0.487,"0.157","102.3",-3,3,0.232,0.768,33,28,33,28,2,1,6,1,5,3,"2.17","1.01","-1.01","43.8",10.763058567029127,-5.414653814835449,38.778577794040636,33.99717408851458,30.897860382857537
"SL","2024-06-01","87.7","-1.82","5.99","Biggio, Cavan",624415,656605,"field_out","hit_into_play",,,,,5,"Cavan Biggio pops out to third baseman Ke'Bryan Hayes in foul territory.","R","L","R","TOR","PIT","X",5,"popup",2,2,2024,"0.37","0.25",0.22269227857192425,2.510834562438053,,,643396,2,2,"Bot",67.29,162.64,,,,,4.14914875081142,-127.75539760347434,-2.878221397751725,3.379377296123912,23.254016907133902,-29.06220683725419,3.4,1.6,172,"73",60,"87.8",2547,"6",744932,518735,656582,669707,663647,693304,668804,572191,658668,"54.45",0.024,0.023,"0",1,0,0,3,19,5,"Slider",0,3,0,3,3,0,0,3,"Infield shade","Standard",136,"-0.018","-0.234","70.4","6.9",,0.03,"0.234","88.0",-3,-3,0.224,0.224,28,29,28,29,1,0,7,1,6,11,"2.68","-0.37","0.37","44.2",11.165363953820492,-3.1749630677332674,42.34415919693015,28.974207234291224,28.817740608844634
"SI","2024-06-01","93.1","-1.97","5.79","Biggio, Cavan",624415,656605,,"called_strike",,,,,6,,"R","L","R","TOR","PIT","S",,,2,1,2024,"-1.32","0.67",0.3748705089799158,2.4113586331647845,,,643396,2,2,"Bot",,,,,,,8.894395615127431,-135.35260700487262,-4.364958120301988,-18.20031559661653,28.515215260090827,-23.149942013539196,3.39659519071938,1.67410308886557,,,,"92.9",2373,"6.2",744932,518735,656582,669707,663647,693304,668804,572191,658668,"54.33",,,,,,,,19,4,"Sinker",0,3,0,3,3,0,0,3,"Infield shade","Standard",218,"-0.005","-0.072",,,,,"0.072",,-3,-3,0.229,0.229,28,29,28,29,1,0,7,1,6,11,"1.96","1.32","-1.32","35.9",,,,,
"CH","2024-06-01","84.6","2.26","5.43","Olivares, Edward",658668,579328,,"swinging_strike",,,,,14,,"R","R","L","TOR","PIT","S",,,0,1,2024,"0.94","1.04",1.0485951608910398,1.688701971626391,,,,2,3,"Top",,,,,,,-4.775071629576683,-123.23790335196917,-4.624358382677365,10.50197421944404,20.09690647789917,-20.85770568678418,3.71,1.76,,,,"86.4",1728,"7",744932,672386,665489,624415,643396,666182,676914,662139,543807,"53.54",,,,,,,,22,2,"Changeup",0,3,3,0,3,0,3,0,"Infield shade","Standard",140,"0.002","-0.058","69.6","8.4","2.568016464",,"0.058",,-3,3,0.23,0.77,33,28,33,28,2,1,6,1,5,3,"2.09","0.94","-0.94","45.7",17.89615101239938,-23.731177808422277,23.08818464961706,50.56259208987142,42.44973207805033
"CU","2024-06-01","82.7","2","5.58","Olivares, Edward",658668,579328,,"called_strike",,,,,7,,"R","R","L","TOR","PIT","S",,,0,0,2024,"-0.24","-0.23",-0.5324036672608118,1.6312996210193198,,,,2,3,"Top",,,,,,,-5.385951602116016,-120.5145628931642,-2.175210619622084,-1.4149842178009702,20.65542761262787,-34.240364531332105,3.80398524386357,1.6888140153683,,,,"84.1",2389,"6.9",744932,672386,665489,624415,643396,666182,676914,662139,543807,"53.62",,,,,,,,22,1,"Curveball",0,3,3,0,3,0,3,0,"Standard","Standard",313,"0.001","-0.041",,,,,"0.041",,-3,3,0.229,0.771,33,28,33,28,2,1,6,1,5,3,"3.52","-0.24","0.24","54.4",,,,,
"FF","2024-06-01","94.5","-1.93","5.82","Biggio, Cavan",624415,656605,,"ball",,,,,12,,"R","L","R","TOR","PIT","B",,,1,1,2024,"-0.85","1.17",1.1396732339353006,3.456572009697795,,,643396,2,2,"Bot",,,,,,,9.855252381953965,-137.350970787438,-3.091896219622992,-12.882984151088875,29.089421805304355,-16.846747317727957,3.43822581730706,1.71034557556454,,,,"94.3",2440,"6.2",744932,518735,656582,669707,663647,693304,668804,572191,658668,"54.34",,,,,,,,19,3,"4-Seam Fastball",0,3,0,3,3,0,0,3,"Standard","Standard",210,"0.003","0.05",,,,,"-0.05",,-3,-3,0.226,0.226,28,29,28,29,1,0,7,1,6,11,"1.38","0.85","-0.85","34.9",,,,,
"FC","2024-06-01","90.6","-1.84","5.9","Biggio, Cavan",624415,656605,,"foul",,,,,2,,"R","L","R","TOR","PIT","S",,,1,0,2024,"-0.02","0.55",0.15539042088664276,3.1960756493094995,,,643396,2,2,"Bot",,,,,,,5.016153629890406,-131.98487021230153,-2.0591787670377677,-1.1360302767195058,24.82204277466551,-25.50854687919922,3.4,1.6,156,"70.5",67,"90.8",2525,"6.1",744932,518735,656582,669707,663647,693304,668804,572191,658668,"54.4",,,,,,,,19,2,"Cutter",0,3,0,3,3,0,0,3,"Infield shade","Standard",178,"-0.003","-0.048","69.1","6.2",,,"0.048","88.0",-3,-3,0.229,0.229,28,29,28,29,1,0,7,1,6,11,"2.2","0.02","-0.02","39.3",7.02806099003753,3.3653806583608796,38.014428448793886,30.06970789370095,24.336106167410794
"FF","2024-06-01","94.8","2.31","5.39","Joe, Connor",656582,579328,"field_out","hit_into_play",,,,,5,"Connor Joe flies out to center fielder Daulton Varsho.","R","R","L","TOR","PIT","X",8,"fly_ball",2,0,2024,"0.6","1.36",0.17633204672739944,2.6157765164679483,,,,1,3,"Top",152.54,63.21,,,,,-6.991402129858097,-137.73356892418673,-4.6268251742498006,9.234575100515597,32.94799912360726,-13.997865491590789,3.22,1.53,343,"96",34,"95.3",2236,"6.9",744932,672386,665489,624415,643396,666182,676914,662139,543807,"53.64",0.202,0.3913846153846154,"0",1,0,0,3,21,3,"4-Seam Fastball",0,3,3,0,3,0,3,0,"Standard","Standard",143,"0.015","-0.367","77.0","7.2",,0.766,"0.367","96.0",-3,3,0.214,0.786,33,31,33,32,2,1,6,1,5,1,"1.2","0.6","-0.6","41.6",5.118510764415898,-2.8684427220026323,28.062300266770173,38.106865701983466,32.533823542948
"CU","2024-06-01","82.7","2.17","5.55","Joe, Connor",656582,579328,,"ball",,,,,9,,"R","R","L","TOR","PIT","B",,,1,0,2024,"-0.11","-0.4",0.41389943405848173,1.4823440320098782,,,,1,3,"Top",,,,,,,-3.8472096889653264,-120.43712536577718,-2.0102530234972535,-0.3004314507026453,23.67070587769309,-35.90222959217035,3.18407402422508,1.48226998919874,,,,"83.7",2430,"7",744932,672386,665489,624415,643396,666182,676914,662139,543807,"53.55",,,,,,,,21,2,"Curveball",0,3,3,0,3,0,3,0,"Standard","Standard",322,"-0.003","0.072",,,,,"-0.072",,-3,3,0.217,0.783,33,31,33,32,2,1,6,1,5,1,"3.73","-0.11","0.11","51.2",,,,,
"FC","2024-06-01","91.2","-1.88","5.91","Biggio, Cavan",624415,656605,,"ball",,,,,12,,"R","L","R","TOR","PIT","B",,,0,0,2024,"0.56","0.84",0.16223153529013984,4.122916244553428,,,643396,2,2,"Bot",,,,,,,3.9291886845977304,-132.8913042882326,-0.4667943777929555,5.8772234512532044,26.713917115776,-22.297374383388018,3.40445472084101,1.64166839936366,,,,"91.4",2510,"6.2",744932,518735,656582,669707,663647,693304,668804,572191,658668,"54.32",,,,,,,,19,1,"Cutter",0,3,0,3,3,0,0,3,"Standard","Standard",182,"0.002","0.034",,,,,"-0.034",,-3,-3,0.227,0.227,28,29,28,29,1,0,7,1,6,11,"1.88","-0.56","0.56","38.7",,,,,
"FF","2024-06-01","94.5","-1.91","5.87","Kirk, Alejandro",672386,656605,"strikeout","swinging_strike",,,,,11,"Alejandro Kirk strikes out swinging.","R","R","R","TOR","PIT","S",2,,3,2,2024,"-0.62","1.27",-0.3580100176959231,3.758075678708008,,,643396,1,2,"Bot",,,,,,,5.414001604081351,-137.56009441580227,-2.658682958275015,-9.072775905117323,29.912020688518542,-15.69302455593759,3.1,1.45,,,,"94.6",2401,"6.3",744932,518735,656582,669707,663647,693304,668804,572191,658668,"54.23",,0,"0",1,0,0,,18,7,"4-Seam Fastball",0,3,0,3,3,0,0,3,"Standard","Standard",221,"-0.035","-0.306","63.0","5.5","0.881523324",,"0.306",,-3,-3,0.262,0.262,28,25,28,26,1,0,7,3,6,3,"1.28","0.62","0.62","34.7",7.264249705779403,29.828494049193164,15.117784921995346,35.79853495407455,15.729775412103972
"FF","2024-06-01","95.5","2.54","5.43","Joe, Connor",656582,579328,,"ball",,,,,12,,"R","R","L","TOR","PIT","B",,,0,0,2024,"0.72","1.43",1.5193333480865845,3.4082207203713497,,,,1,3,"Top",,,,,,,-4.352989517353813,-138.90493686411813,-2.9126255605463345,10.295753821833632,33.47128274399304,-13.252665721740977,3.12932863495043,1.47074724581132,,,,"96.2",2293,"6.9",744932,672386,665489,624415,643396,666182,676914,662139,543807,"53.61",,,,,,,,21,1,"4-Seam Fastball",0,3,3,0,3,0,3,0,"Standard","Standard",154,"-0.002","0.039",,,,,"-0.039",,-3,3,0.219,0.781,33,31,33,32,2,1,6,1,5,1,"1.08","0.72","-0.72","43.7",,,,,
"CH","2024-06-01","86.1","2.27","5.42","Reynolds, Bryan",668804,579328,"field_out","hit_into_play",,,,,6,"Bryan Reynolds grounds out, second baseman Cavan Biggio to first baseman Vladimir Guerrero Jr.","R","R","L","TOR","PIT","X",4,"ground_ball",1,2,2024,"1.09","0.68",0.8098171332057342,2.188007368687604,,,,0,3,"Top",135.2,144.05,,,,,-5.7594886386434085,-125.45477041161746,-2.9291525159828797,12.640429624613146,21.841043761214433,-24.59834925025473,3.1,1.48,60,"83.3",4,"87.8",1688,"7",744932,672386,665489,624415,643396,666182,676914,662139,543807,"53.55",0.322,0.29,"0",1,0,0,2,20,5,"Changeup",0,3,3,0,3,0,3,0,"Standard","Standard",142,"0.009","-0.186","76.3","7.1",,0.363,"0.186","88.0",-3,3,0.21,0.79,33,29,33,29,2,1,6,1,5,1,"2.35","1.09","-1.09","45.3",8.99836224099491,4.7120909923002365,32.25289988304061,48.369151354449265,26.360255046395178
"SL","2024-06-01","87","-1.74","5.96","Kirk, Alejandro",672386,656605,,"ball",,,,,14,,"R","R","R","TOR","PIT","B",,,2,2,2024,"0.43","0.16",1.3872829529825454,1.4865235982622358,,,643396,1,2,"Bot",,,,,,,6.611263185375021,-126.62183856671,-4.951081044793828,3.3958777551739976,23.54485819728604,-29.651365161782476,3.17385850826556,1.54988181107155,,,,"87.2",2494,"6.2",744932,518735,656582,669707,663647,693304,668804,572191,658668,"54.29",,,,,,,,18,6,"Slider",0,3,0,3,3,0,0,3,"Standard","Standard",148,"0.01","0.077",,,,,"-0.077",,-3,-3,0.252,0.252,28,25,28,26,1,0,7,3,6,3,"2.82","-0.43","-0.43","38.9",,,,,
"FF","2024-06-01","95.7","-1.94","5.79","Kirk, Alejandro",672386,656605,,"foul",,,,,3,,"R","R","R","TOR","PIT","S",,,2,2,2024,"-0.85","1.19",0.6362818608445442,2.9179743842557864,,,643396,1,2,"Bot",,,,,,,8.70705832393806,-139.14965121257563,-4.697184885232318,-12.888024139480578,28.273643463066286,-15.786442361060335,3.1,1.45,245,"79.9",27,"96",2458,"6.3",744932,518735,656582,669707,663647,693304,668804,572191,658668,"54.19",,,,,,,,18,5,"4-Seam Fastball",0,3,0,3,3,0,0,3,"Standard","Standard",218,"0","0","65.3","6.3",,,"0","88.0",-3,-3,0.252,0.252,28,25,28,26,1,0,7,3,6,3,"1.28","0.85","0.85","33.1",-6.924968525181407,33.4070222940491,23.192639886529868,48.73172654269702,8.468366758999473
"FF","2024-06-01","95.2","-1.75","4.96","Kiner-Falefa, Isiah",643396,682847,"field_out","hit_into_play",,,,,6,"Isiah Kiner-Falefa lines out to right fielder Connor Joe.","R","R","R","TOR","PIT","X",9,"line_drive",0,0,2024,"-0.96","0.63",0.3989574400867505,2.5287386220586034,,,596129,2,9,"Bot",203.62,108.67,,,,,7.819720032034432,-138.45785497195263,-2.1717246445179876,-14.04730277472735,29.734670109657554,-23.829560189641665,3.28,1.46,294,"95.5",21,"95.7",2381,"6.5",744932,518735,642133,669707,663647,693304,668804,572191,656582,"53.98",0.224,0.264,"0",1,0,0,3,73,1,"4-Seam Fastball",1,8,1,8,8,1,1,8,"Standard","Standard",220,"-0.001","-0.271","68.7","6.2",,0.429,"0.271","95.5",-7,-7,0.001,0.001,25,29,25,29,2,3,3,1,7,1,"1.88","0.96","0.96","21.8",-4.286089681122959,17.233505794495493,32.94912673736697,39.03681553899691,24.44591392926996
"FF","2024-06-01","95.5","2.39","5.49","Reynolds, Bryan",668804,579328,,"foul",,,,,12,,"R","R","L","TOR","PIT","S",,,1,2,2024,"0.55","1.52",0.5867752284639113,3.904091991409284,,,,0,3,"Top",,,,,,,-6.039698713788186,-138.95606325690122,-1.9869212865810462,8.415024255076997,30.992231472306784,-12.22476051405699,3.1,1.48,272,"84.3",41,"96.6",2366,"6.9",744932,672386,665489,624415,643396,666182,676914,662139,543807,"53.59",,,,,,,,20,4,"4-Seam Fastball",0,3,3,0,3,0,3,0,"Standard","Standard",146,"0","0","54.1","5.5",,,"0","88.0",-3,3,0.21,0.79,33,29,33,29,2,1,6,1,5,1,"0.98","0.55","-0.55","44.6",6.62300512546262,37.09792691096404,20.634253720207642,45.552710338579914,8.769689303414289
"SI","2024-06-01","93.4","-1.99","5.76","Kirk, Alejandro",672386,656605,,"foul",,,,,4,,"R","R","R","TOR","PIT","S",,,2,1,2024,"-1.01","0.99",-0.34753370694994534,2.4597138829084395,,,643396,1,2,"Bot",,,,,,,6.445917359164252,-135.84201261608177,-4.930387793430408,-13.959712655900557,29.238088457702762,-19.082313927622156,3.1,1.45,242,"80.5",42,"93.4",2437,"6.3",744932,518735,656582,669707,663647,693304,668804,572191,658668,"54.21",,,,,,,,18,4,"Sinker",0,3,0,3,3,0,0,3,"Standard","Standard",223,"-0.008","-0.057","63.5","6.1",,,"0.057","88.0",-3,-3,0.26,0.26,28,25,28,26,1,0,7,3,6,3,"1.63","1.01","1.01","31.4",-4.7275879597374875,26.876889880123862,30.41169935062803,35.79406500863733,15.271403848761654
"SI","2024-06-01","95.4","-1.7","4.84","Springer, George",543807,682847,"field_out","hit_into_play",,,,,7,"George Springer lines out to third baseman Ke'Bryan Hayes.","R","R","R","TOR","PIT","X",5,"line_drive",0,0,2024,"-1.34","0.24",-0.674128107080469,2.1943179500754724,,,596129,1,9,"Bot",104.28,166.49,,,,,5.7338771975586775,-138.7817232768926,-1.8301822696695986,-18.578265844153286,33.50115832711166,-28.838262833834538,3.74,1.71,126,"97.8",6,"95.6",2372,"6.6",744932,518735,642133,669707,663647,693304,668804,572191,656582,"53.89",0.595,0.584,"0",1,0,0,4,72,1,"Sinker",1,8,1,8,8,1,1,8,"Standard","Standard",223,"0","-0.255","76.1","7.7",,0.713,"0.255","97.8",-7,-7,0.001,0.001,25,34,25,35,1,3,3,1,7,1,"2.28","1.34","1.34","18.8",7.120449505559404,-7.131316874302858,39.21984011322212,29.72937195622099,27.46115523044236
"CU","2024-06-01","81.5","1.99","5.65","Reynolds, Bryan",668804,579328,,"foul",,,,,6,,"R","R","L","TOR","PIT","S",,,1,1,2024,"-0.44","-0.22",0.2986445428856276,2.5906092219801096,,,,0,3,"Top",,,,,,,-2.9912175549942694,-118.75362549710076,0.107993775090377,-3.634304216700933,21.37450617236564,-34.485810911338355,3.1,1.48,139,"85",72,"82.6",2330,"6.8",744932,672386,665489,624415,643396,666182,676914,662139,543807,"53.7",,,,,,,,20,3,"Curveball",0,3,3,0,3,0,3,0,"Standard","Standard",313,"0.003","-0.056","81.4","7.0",,,"0.056","88.0",-3,3,0.207,0.793,33,29,33,29,2,1,6,1,5,1,"3.63","-0.44","0.44","53.9",14.74038792008534,-0.8165571810456216,30.899679306859706,41.708154879048216,37.05164866460716
"FF","2024-06-01","95.7","-1.66","4.84","Vogelbach, Daniel",596129,682847,"single","hit_into_play",,,,,11,"Daniel Vogelbach singles on a ground ball to center fielder Michael A. Taylor.","R","L","R","TOR","PIT","X",8,"ground_ball",3,2,2024,"-0.7","1.16",-0.5084018167329467,3.481107616508215,,,,1,9,"Bot",135.18,114.22,,,,,4.660727267077097,-139.315415156235,-0.5691523883893962,-10.210599282406744,32.69316970308683,-17.204287628254676,3.3,1.6,69,"99.6",2,"96.2",2280,"6.6",744932,518735,642133,669707,663647,693304,668804,572191,656582,"53.86",0.513,0.474,"0.9",1,1,0,4,71,6,"4-Seam Fastball",1,8,1,8,8,1,1,8,"Infield shade","Standard",228,"0","0.345","67.6","7.2",,0.569,"-0.345","99.6",-7,-7,0.001,0.001,25,31,25,32,1,3,3,1,7,1,"1.34","0.7","-0.7","18.9",10.01746696864424,7.743450033999257,20.376813718341108,47.420898324106304,27.481981462290012
"FC","2024-06-01","90.6","-1.95","5.89","Kirk, Alejandro",672386,656605,,"called_strike",,,,,4,,"R","R","R","TOR","PIT","S",,,2,0,2024,"0.14","0.6",-0.3364625679601842,2.1580483610377224,,,643396,1,2,"Bot",,,,,,,3.7186881670403875,-131.9201875821559,-4.738802276885245,0.9807988341576517,25.041356583417897,-24.4518968793848,3.21019969042977,1.48203742137466,,,,"91.1",2446,"6.3",744932,518735,656582,669707,663647,693304,668804,572191,658668,"54.19",,,,,,,,18,3,"Cutter",0,3,0,3,3,0,0,3,"Standard","Standard",190,"-0.008","-0.057",,,,,"0.057",,-3,-3,0.268,0.268,28,25,28,26,1,0,7,3,6,3,"2.15","-0.14","-0.14","39.4",,,,,
"FF","2024-06-01","93.7","2.5","5.42","Reynolds, Bryan",668804,579328,,"called_strike",,,,,9,,"R","R","L","TOR","PIT","S",,,1,0,2024,"0.41","1.51",0.40953126473674506,1.9061925305996952,,,,0,3,"Top",,,,,,,-6.3642255908629926,-136.16116784877042,-6.767085435269816,6.4708678895251825,29.49551441419259,-12.021698554749191,3.36872614114784,1.67155516491743,,,,"94.8",2277,"7",744932,672386,665489,624415,643396,666182,676914,662139,543807,"53.55",,,,,,,,20,2,"4-Seam Fastball",0,3,3,0,3,0,3,0,"Standard","Standard",128,"0.003","-0.049",,,,,"0.049",,-3,3,0.204,0.796,33,29,33,29,2,1,6,1,5,1,"1.09","0.41","-0.41","41.0",,,,,
"FC","2024-06-01","90.3","-1.98","5.94","Kirk, Alejandro",672386,656605,,"ball",,,,,12,,"R","R","R","TOR","PIT","B",,,1,0,2024,"-0.1","1",0.9177172391344853,2.844132551965683,,,643396,1,2,"Bot",,,,,,,7.3844667259890375,-131.43516661758866,-3.941538866846045,-2.5556652321759197,24.852346076086757,-19.94106681652768,3.07097754475766,1.48159835422353,,,,"90.3",2502,"6",744932,518735,656582,669707,663647,693304,668804,572191,658668,"54.46",,,,,,,,18,2,"Cutter",0,3,0,3,3,0,0,3,"Standard","Standard",207,"0.008","0.056",,,,,"-0.056",,-3,-3,0.26,0.26,28,25,28,26,1,0,7,3,6,3,"1.77","0.1","0.1","37.9",,,,,
"FF","2024-06-01","96.8","-1.67","4.86","Vogelbach, Daniel",596129,682847,,"called_strike",,,,,14,,"R","L","R","TOR","PIT","S",,,3,1,2024,"-0.64","1.17",0.9782185676938757,2.404274067498058,,,,1,9,"Bot",,,,,,,8.592939680727033,-140.7725712986754,-3.709176599401802,-10.42145859670511,30.19951948707746,-15.952201658109523,3.29071664972795,1.59426880553036,,,,"97.8",2275,"6.8",744932,518735,642133,669707,663647,693304,668804,572191,656582,"53.73",,,,,,,,71,5,"4-Seam Fastball",1,8,1,8,8,1,1,8,"Infield shade","Standard",231,"0","-0.092",,,,,"0.092",,-7,-7,0.001,0.001,25,31,25,32,1,3,3,1,7,1,"1.26","0.64","-0.64","21.2",,,,,
"CU","2024-06-01","80.2","2.01","5.64","Reynolds, Bryan",668804,579328,,"ball",,,,,12,,"R","R","L","TOR","PIT","B",,,0,0,2024,"-0.4","-0.45",0.8649755957109486,3.8973121931793995,,,,0,3,"Top",,,,,,,-1.8023835419931682,-116.77092188863027,3.711174765046156,-3.2837923605366326,21.682893784571903,-37.156854359706415,3.29028493691374,1.55785836185201,,,,"81",2290,"6.8",744932,672386,665489,624415,643396,666182,676914,662139,543807,"53.73",,,,,,,,20,1,"Curveball",0,3,3,0,3,0,3,0,"Standard","Standard",310,"-0.002","0.038",,,,,"-0.038",,-3,3,0.206,0.794,33,29,33,29,2,1,6,1,5,1,"3.98","-0.4","0.4","51.2",,,,,
"CU","2024-06-01","76.2","-1.87","6.03","Kirk, Alejandro",672386,656605,,"ball",,,,,11,,"R","R","R","TOR","PIT","B",,,0,0,2024,"1.03","-0.94",-1.2770146204890964,2.5254433897579096,,,643396,1,2,"Bot",,,,,,,-0.6032448847862244,-110.94538975180629,1.3848925265170098,8.63361959628311,20.084137491108777,-40.40248635547323,3.03673095489546,1.45237567161433,,,,"76.1",2489,"6.2",744932,518735,656582,669707,663647,693304,668804,572191,658668,"54.29",,,,,,,,18,1,"Curveball",0,3,0,3,3,0,0,3,"Standard","Standard",18,"0.004","0.036",,,,,"-0.036",,-3,-3,0.256,0.256,28,25,28,26,1,0,7,3,6,3,"4.87","-1.03","-1.03","41.8",,,,,
"CU","2024-06-01","81.3","2.01","5.68","McCutchen, Andrew",457705,579328,"field_out","hit_into_play",,,,,1,"Andrew McCutchen pops out softly to catcher Alejandro Kirk in foul territory.","R","R","L","TOR","PIT","X",2,"popup",0,1,2024,"-0.69","-0.38",-0.6261307811561693,2.9665203741057016,,,669707,2,2,"Top",142.64,211.22,,,,,-4.6449297928419195,-118.48637825184986,1.1506290658544565,-5.8123549465934605,19.103235688858973,-36.155939842524965,3.45,1.67,44,"49.7",82,"82.8",2557,"6.8",744932,672386,665489,624415,643396,666182,676914,662139,543807,"53.67",0.003,0.002,"0",1,0,0,1,15,2,"Curveball",0,3,3,0,3,0,3,0,"Standard","Standard",316,"0.012","-0.224","74.8","7.2",,0.003,"0.224","88.0",-3,3,0.241,0.759,33,37,33,38,2,1,6,1,5,1,"3.77","-0.69","0.69","52.6",10.476883216222978,2.8065601131880724,33.989629801024556,28.671994036229794,24.580469945382518
"FC","2024-06-01","91.9","-1.68","4.91","Vogelbach, Daniel",596129,682847,,"ball",,,,,12,,"R","L","R","TOR","PIT","B",,,2,1,2024,"0.14","0.71",1.304931181279719,2.6494257803287082,,,,1,9,"Bot",,,,,,,7.322677497955674,-133.8622696245131,-1.5131493886359058,0.2780160942548542,25.22351804746113,-23.464354386084576,3.09790230347365,1.50566298232473,,,,"93.1",2430,"6.6",744932,518735,642133,669707,663647,693304,668804,572191,656582,"53.86",,,,,,,,71,4,"Cutter",1,8,1,8,8,1,1,8,"Infield shade","Standard",196,"0","0.122",,,,,"-0.122",,-7,-7,0.001,0.001,25,31,25,32,1,3,3,1,7,1,"1.96","-0.14","0.14","22.8",,,,,
"FC","2024-06-01","92.1","-1.68","4.99","Vogelbach, Daniel",596129,682847,,"ball",,,,,12,,"R","L","R","TOR","PIT","B",,,1,1,2024,"0.14","0.64",1.6325424355416482,2.3542311581488313,,,,1,9,"Bot",,,,,,,8.152101535066773,-134.090242557427,-2.3326142849932388,0.1589678324584131,25.159251401087783,-24.168237217130727,3.13645709970144,1.54422468686229,,,,"93.1",2432,"6.6",744932,518735,642133,669707,663647,693304,668804,572191,656582,"53.94",,,,,,,,71,3,"Cutter",1,8,1,8,8,1,1,8,"Infield shade","Standard",193,"0","0.059",,,,,"-0.059",,-7,-7,0.001,0.001,25,31,25,32,1,3,3,1,7,1,"2.02","-0.14","0.14","26.1",,,,,
"FF","2024-06-01","95.8","-2.08","5.65","Kiner-Falefa, Isiah",643396,656605,"single","hit_into_play",,,,,1,"Pirates challenged (play at 1st), call on the field was upheld: Isiah Kiner-Falefa singles on a ground ball to second baseman Jared Triolo.","R","R","R","TOR","PIT","X",4,"ground_ball",1,2,2024,"-0.73","1.16",-0.36247263495095994,3.3849571490098285,,,,1,2,"Bot",144.3,151.33,,,,,6.195516596367098,-139.4856679182325,-3.0437060802543203,-10.9089056616862,29.990965058858734,-16.45345044321355,3.28,1.46,61,"69",4,"96.2",2414,"6.4",744932,518735,656582,669707,663647,693304,668804,572191,658668,"54.09",0.154,0.144,"0.9",1,1,0,2,17,4,"4-Seam Fastball",0,3,0,3,3,0,0,3,"Infield shade","Standard",224,"0.03","0.495","58.9","5.3",,0.156,"-0.495","88.0",-3,-3,0.226,0.226,28,29,28,29,1,0,7,1,6,1,"1.31","0.73","0.73","33.4",-2.7528527606866575,17.380797885173777,29.165702137196064,29.549694714742866,26.445307955782212
"FF","2024-06-01","94.5","2.5","5.41","McCutchen, Andrew",457705,579328,,"swinging_strike",,,,,2,,"R","R","L","TOR","PIT","S",,,0,0,2024,"0.78","1.46",0.14017360478090557,3.023874049119428,,,669707,2,2,"Top",,,,,,,-7.981676597864313,-137.52460262552287,-3.873326487647628,11.635521927056978,27.665414488431963,-12.898203225581529,3.45,1.67,,,,"96",2313,"6.9",744932,672386,665489,624415,643396,666182,676914,662139,543807,"53.57",,,,,,,,15,1,"4-Seam Fastball",0,3,3,0,3,0,3,0,"Infield shade","Standard",155,"0.002","-0.047","72.5","6.4","0.874619748",,"0.047",,-3,3,0.239,0.761,33,37,33,38,2,1,6,1,5,1,"1.07","0.78","-0.78","40.6",-3.215349902093116,29.74491303279076,36.32009229014107,37.36560771617151,11.229923070676291
"SI","2024-06-01","94.1","-1.98","5.68","Kiner-Falefa, Isiah",643396,656605,,"foul",,,,,1,,"R","R","R","TOR","PIT","S",,,1,1,2024,"-0.96","1.2",-0.2928429768416495,3.2266288369023792,,,,1,2,"Bot",,,,,,,6.503195491818248,-136.83762506228686,-3.3236559243823165,-13.51481956959891,30.03588187611121,-16.516786349889387,3.28,1.46,189,"69",34,"94.2",2381,"6.4",744932,518735,656582,669707,663647,693304,668804,572191,658668,"54.13",,,,,,,,17,3,"Sinker",0,3,0,3,3,0,0,3,"Infield shade","Standard",218,"-0.003","-0.061","63.9","5.4",,,"0.061","88.0",-3,-3,0.229,0.229,28,29,28,29,1,0,7,1,6,1,"1.37","0.96","0.96","31.9",-6.3114246382084636,22.740639707462957,28.980046638206296,32.788649633919434,25.329550862792296
"SL","2024-06-01","85.9","-1.58","5.16","Vogelbach, Daniel",596129,682847,,"ball",,,,,14,,"R","L","R","TOR","PIT","B",,,0,1,2024,"0.75","0.01",0.030178879358759514,1.1986223862830316,,,,1,9,"Bot",,,,,,,2.3240999347164086,-125.30212895813239,-3.283260246702069,7.592194088024259,21.048913147848083,-31.68098940339716,3.20707118317185,1.58008305399152,,,,"87",2641,"6.5",744932,518735,642133,669707,663647,693304,668804,572191,656582,"54.04",,,,,,,,71,2,"Slider",1,8,1,8,8,1,1,8,"Infield shade","Standard",80,"0","0.024",,,,,"-0.024",,-7,-7,0.001,0.001,25,31,25,32,1,3,3,1,7,1,"3.02","-0.75","0.75","26.6",,,,,
"CH","2024-06-01","85.4","2.15","5.48","Taylor, Michael A.",572191,579328,"field_out","hit_into_play",,,,,8,"Michael A. Taylor flies out to right fielder George Springer.","R","R","L","TOR","PIT","X",9,"fly_ball",0,1,2024,"1","0.69",0.27106693476229005,1.731904193611367,,,669707,1,2,"Top",203.12,102.81,,,,,-6.529196897909275,-124.34597152212429,-4.047003063537104,11.667866865344124,21.85066933056058,-24.37370052117466,3.55,1.63,312,"94.4",42,"86.8",1626,"6.9",744932,672386,665489,624415,643396,666182,676914,662139,543807,"53.65",0.011,0.015,"0",1,0,0,3,14,2,"Changeup",0,3,3,0,3,0,3,0,"Standard","Standard",146,"0.015","-0.215","74.9","7.4",,0.029,"0.215","94.4",-3,3,0.224,0.776,33,33,33,33,1,0,6,3,5,7,"2.4","1","-1","47.4",10.327525314667694,8.307268464963807,35.26024206406936,41.99639738077778,26.70731167349538
"FF","2024-06-01","94.8","2.5","5.43","Taylor, Michael A.",572191,579328,,"called_strike",,,,,9,,"R","R","L","TOR","PIT","S",,,0,0,2024,"0.63","1.51",0.8188823294416558,2.2353772817692326,,,669707,1,2,"Top",,,,,,,-5.8544348214126,-137.93637018699158,-6.150983458784152,9.268216055726123,28.50518712806889,-11.676094168601558,3.55222299473013,1.72206372718544,,,,"96.2",2346,"6.9",744932,672386,665489,624415,643396,666182,676914,662139,543807,"53.59",,,,,,,,14,1,"4-Seam Fastball",0,3,3,0,3,0,3,0,"Standard","Standard",146,"0.003","-0.04",,,,,"0.04",,-3,3,0.221,0.779,33,33,33,33,1,0,6,3,5,7,"1.01","0.63","-0.63","41.2",,,,,
"SI","2024-06-01","93.8","-2.11","5.64","Kiner-Falefa, Isiah",643396,656605,,"ball",,,,,11,,"R","R","R","TOR","PIT","B",,,0,1,2024,"-1.07","1.1",-0.518563576912453,3.922441219983675,,,,1,2,"Bot",,,,,,,6.475128687505849,-136.4074077152332,-1.0919716376266788,-14.758111520735309,31.99616732340128,-18.52514667801125,3.28228242369436,1.46729701728145,,,,"93.6",2414,"6.4",744932,518735,656582,669707,663647,693304,668804,572191,658668,"54.14",,,,,,,,17,2,"Sinker",0,3,0,3,3,0,0,3,"Infield shade","Standard",214,"0.001","0.024",,,,,"-0.024",,-3,-3,0.228,0.228,28,29,28,29,1,0,7,1,6,1,"1.51","1.07","1.07","32.1",,,,,
"FF","2024-06-01","96.4","-1.7","4.9","Vogelbach, Daniel",596129,682847,,"called_strike",,,,,2,,"R","L","R","TOR","PIT","S",,,0,0,2024,"-0.8","0.87",-0.18701605618180706,3.165747674875454,,,,1,9,"Bot",,,,,,,5.885501624487982,-140.39926278310065,-1.0568238997628692,-11.875186472461426,29.92872814113423,-20.62303314182468,3.27813268916588,1.58159874362301,,,,"97.3",2228,"6.6",744932,518735,642133,669707,663647,693304,668804,572191,656582,"53.9",,,,,,,,71,1,"4-Seam Fastball",1,8,1,8,8,1,1,8,"Infield shade","Standard",234,"0","-0.037",,,,,"0.037",,-7,-7,0.001,0.001,25,31,25,32,1,3,3,1,7,1,"1.57","0.8","-0.8","18.7",,,,,
"SI","2024-06-01","96","-1.63","4.94","Bichette, Bo",666182,682847,"strikeout","swinging_strike",,,,,4,"Bo Bichette strikes out swinging.","R","R","R","TOR","PIT","S",2,,1,2,2024,"-1.26","-0.06",-0.7281218690252256,2.400032449182717,,,,0,9,"Bot",,,,,,,5.272199749767253,-139.80964742639162,-0.9840800650721614,-17.76399982019073,31.350024135840687,-33.01423189314161,3.68,1.69,,,,"96.6",2313,"6.6",744932,518735,642133,669707,663647,693304,668804,572191,656582,"53.92",,0,"0",1,0,0,,70,5,"Sinker",1,8,1,8,8,1,1,8,"Standard","Standard",231,"0","-0.186","73.6","6.7","1.1981793",,"0.186",,-7,-7,0.001,0.001,25,26,25,26,1,3,3,1,7,1,"2.53","1.26","1.26","21.9",-0.5237641736946164,1.7237507389430704,38.941930642640806,23.621955773072216,22.042351719074773
"CU","2024-06-01","80","1.96","5.59","Triolo, Jared",669707,579328,"single","hit_into_play",,,,,3,"Jared Triolo singles on a line drive to left fielder Davis Schneider.","R","R","L","TOR","PIT","X",7,"line_drive",2,2,2024,"-0.54","-0.56",0.3327602191391945,3.0170845012825946,,,,1,2,"Top",101.1,103.78,,,,,-2.597260101030856,-116.53914134427674,2.0872961004411597,-4.497946333093617,20.74609548539499,-37.916025244436106,3.61,1.67,143,"95.3",9,"81.1",2413,"6.9",744932,672386,665489,624415,643396,666182,676914,662139,543807,"53.62",0.642,0.597,"0.9",1,1,0,4,13,5,"Curveball",0,3,3,0,3,0,3,0,"Standard","Standard",317,"-0.016","0.453","71.5","7.6",,0.709,"-0.453","95.3",-3,3,0.237,0.763,33,26,33,26,1,0,6,1,5,4,"4.1","-0.54","0.54","53.1",10.750421753193868,-0.6565844537168938,32.20962679113557,43.24358160589599,28.552973456675854
"FC","2024-06-01","91.8","-1.86","5.84","Kiner-Falefa, Isiah",643396,656605,,"called_strike",,,,,9,,"R","R","R","TOR","PIT","S",,,0,0,2024,"0.24","0.79",0.7555337075365883,2.025346601251612,,,,1,2,"Bot",,,,,,,6.1006732387414635,-133.59373260347886,-5.59456785448393,1.7569380568981672,25.9608110541926,-21.70573061914038,3.29981424528173,1.50051662792164,,,,"92.4",2449,"6.4",744932,518735,656582,669707,663647,693304,668804,572191,658668,"54.09",,,,,,,,17,1,"Cutter",0,3,0,3,3,0,0,3,"Infield shade","Standard",192,"-0.002","-0.037",,,,,"0.037",,-3,-3,0.23,0.23,28,29,28,29,1,0,7,1,6,1,"1.89","-0.24","-0.24","39.3",,,,,
"SL","2024-06-01","87.7","-1.84","5.89","Springer, George",543807,656605,"field_out","hit_into_play",,,,,9,"George Springer grounds out, third baseman Ke'Bryan Hayes to first baseman Connor Joe.","R","R","R","TOR","PIT","X",5,"ground_ball",1,2,2024,"0.57","-0.18",0.5861125290644684,1.7607358462608156,,,,0,2,"Bot",113.37,173.16,,,,,4.684332031820813,-127.73536219129102,-3.5377542368919865,5.353681407771618,24.607425297305923,-33.65019414887197,3.74,1.71,3,"76",-33,"88",2521,"6.3",744932,518735,656582,669707,663647,693304,668804,572191,658668,"54.22",0.045,0.074,"0",1,0,0,2,16,4,"Slider",0,3,0,3,3,0,0,3,"Infield shade","Standard",128,"-0.016","-0.186","70.8","7.5",,0.047,"0.186","88.0",-3,-3,0.246,0.246,28,34,28,35,1,0,7,1,6,1,"3.12","-0.57","-0.57","41.5",5.050651515338841,5.532202522928416,35.723471065580604,44.490388746641585,21.096576971799315
"SL","2024-06-01","85.9","-1.41","5.22","Bichette, Bo",666182,682847,,"foul",,,,,5,,"R","R","R","TOR","PIT","S",,,1,2,2024,"0.68","0.15",-0.07771468682839089,2.620028558992609,,,,0,9,"Bot",,,,,,,1.8023223691618186,-125.26261796958937,-0.31359618973571135,6.902750411641766,21.66086450352826,-30.692633370980904,3.68,1.69,127,"68.2",71,"87.1",2533,"6.6",744932,518735,642133,669707,663647,693304,668804,572191,656582,"53.87",,,,,,,,70,4,"Slider",1,8,1,8,8,1,1,8,"Standard","Standard",73,"0","0","74.1","7.4",,,"0","88.0",-7,-7,0.001,0.001,25,26,25,26,1,3,3,1,7,1,"2.89","-0.68","-0.68","29.7",6.623437571920431,-8.40420895480959,35.93409299733918,31.52762869078748,29.76209080809202
"FF","2024-06-01","95.6","2.42","5.42","Triolo, Jared",669707,579328,,"ball",,,,,3,,"R","R","L","TOR","PIT","B",,,1,2,2024,"0.84","1.23",0.48252753884339095,3.2469833741726557,,,,1,2,"Top",,,,,,,-7.085650123200061,-139.04214566008594,-2.872787664507901,12.582460512019614,33.616738093456966,-15.784464032095157,3.62261485617799,1.67415997885815,,,,"96.3",2239,"6.9",744932,672386,665489,624415,643396,666182,676914,662139,543807,"53.63",,,,,,,,13,4,"4-Seam Fastball",0,3,3,0,3,0,3,0,"Standard","Standard",146,"-0.002","0.043",,,,,"-0.043",,-3,3,0.239,0.761,33,26,33,26,1,0,6,1,5,4,"1.28","0.84","-0.84","42.8",,,,,
"FF","2024-06-01","97.6","-1.5","5.14","Bichette, Bo",666182,682847,,"ball",,,,,12,,"R","R","R","TOR","PIT","B",,,0,2,2024,"-0.83","1.06",0.3731941339635225,4.417637608737246,,,,0,9,"Bot",,,,,,,6.958182459280164,-141.961792978002,1.1318782811351973,-12.7803314144438,31.668805577438725,-18.28715973776459,3.75307654344376,1.6924326345887,,,,"97.8",2266,"6.4",744932,518735,642133,669707,663647,693304,668804,572191,656582,"54.12",,,,,,,,70,3,"4-Seam Fastball",1,8,1,8,8,1,1,8,"Standard","Standard",227,"0","0.023",,,,,"-0.023",,-7,-7,0.001,0.001,25,26,25,26,1,3,3,1,7,1,"1.33","0.83","0.83","22.0",,,,,
"ST","2024-06-01","84.4","-1.98","5.65","Springer, George",543807,656605,,"ball",,,,,14,,"R","R","R","TOR","PIT","B",,,0,2,2024,"1.19","-0.18",1.6575927122567062,2.5859382959954034,,,,0,2,"Bot",,,,,,,6.106111172267874,-122.87535195233777,-0.44021526388696386,10.93320960950163,23.349694964013587,-34.158267911112596,3.67839017091801,1.7121346946912,,,,"84.6",2751,"6.3",744932,518735,656582,669707,663647,693304,668804,572191,658668,"54.22",,,,,,,,16,3,"Sweeper",0,3,0,3,3,0,0,3,"Infield shade","Standard",13,"0.002","0.023",,,,,"-0.023",,-3,-3,0.244,0.244,28,34,28,35,1,0,7,1,6,1,"3.37","-1.19","-1.19","32.7",,,,,
"CH","2024-06-01","86.4","2.33","5.46","Triolo, Jared",669707,579328,,"ball",,,,,14,,"R","R","L","TOR","PIT","B",,,0,2,2024,"1.02","0.99",1.9428166231283175,1.1508945154528194,,,,1,2,"Top",,,,,,,-3.030892065733794,-125.74740291263319,-6.126356383075761,11.44314510723244,25.769627228912423,-20.618565793557497,3.60856293002658,1.67219308345327,,,,"87.3",1599,"6.9",744932,672386,665489,624415,643396,666182,676914,662139,543807,"53.63",,,,,,,,13,3,"Changeup",0,3,3,0,3,0,3,0,"Standard","Standard",132,"-0.001","0.02",,,,,"-0.02",,-3,3,0.24,0.76,33,26,33,26,1,0,6,1,5,4,"2.06","1.02","-1.02","44.7",,,,,
"FF","2024-06-01","95.7","-1.52","5.12","Bichette, Bo",666182,682847,,"foul",,,,,2,,"R","R","R","TOR","PIT","S",,,0,1,2024,"-0.79","0.91",-0.0586907417521092,3.171596915153619,,,,0,9,"Bot",,,,,,,5.649564478044243,-139.37631784331245,-1.6213637498866202,-11.501550283127628,28.819263356197904,-20.13475414447046,3.68,1.69,215,"74.5",52,"96.3",2308,"6.4",744932,518735,642133,669707,663647,693304,668804,572191,656582,"54.07",,,,,,,,70,2,"4-Seam Fastball",1,8,1,8,8,1,1,8,"Standard","Standard",229,"0","-0.054","73.6","7.0",,,"0.054","88.0",-7,-7,0.001,0.001,25,26,25,26,1,3,3,1,7,1,"1.56","0.79","0.79","22.1",2.170689268148086,-3.923831769905606,29.81726820153882,32.529454042370126,28.355131682259476
"SI","2024-06-01","93.9","-2.08","5.7","Springer, George",543807,656605,,"foul",,,,,7,,"R","R","R","TOR","PIT","S",,,0,1,2024,"-1.07","0.99",-0.58194205592579,1.8524890666495009,,,,0,2,"Bot",,,,,,,6.240137666345056,-136.55984297274233,-6.444868178544468,-14.770730220109856,29.58301986459392,-18.493262555678278,3.74,1.71,184,"77.3",60,"93.9",2389,"6.3",744932,518735,656582,669707,663647,693304,668804,572191,658668,"54.2",,,,,,,,16,2,"Sinker",0,3,0,3,3,0,0,3,"Infield shade","Standard",227,"-0.006","-0.054","74.6","7.7",,,"0.054","88.0",-3,-3,0.25,0.25,28,34,28,35,1,0,7,1,6,1,"1.59","1.07","1.07","29.4",11.7269360810706,-6.292982998238553,44.877910218828504,30.72145703345868,25.987774821550982
"FF","2024-06-01","95.8","2.43","5.53","Triolo, Jared",669707,579328,,"swinging_strike",,,,,3,,"R","R","L","TOR","PIT","S",,,0,1,2024,"0.76","1.34",0.7515343437153374,3.0794614037206847,,,,1,2,"Top",,,,,,,-6.216728825221617,-139.37492011009346,-3.907355088489162,11.239459531080188,31.30302659421898,-14.061819858557936,3.61,1.67,,,,"96.8",2303,"6.9",744932,672386,665489,624415,643396,666182,676914,662139,543807,"53.64",,,,,,,,13,2,"4-Seam Fastball",0,3,3,0,3,0,3,0,"Standard","Standard",150,"0.003","-0.057","43.3","6.5","0.623902548",,"0.057",,-3,3,0.237,0.763,33,26,33,26,1,0,6,1,5,4,"1.15","0.76","-0.76","41.6",-12.342072386490328,27.11669685105194,34.94954230180816,47.1523678499596,1.8512965938916586
"FF","2024-06-01","94.8","2.41","5.49","Triolo, Jared",669707,579328,,"foul",,,,,3,,"R","R","L","TOR","PIT","S",,,0,0,2024,"0.69","1.24",0.6337195774956904,3.2114332658812126,,,,1,2,"Top",,,,,,,-6.255228793528088,-137.96514319922986,-3.13696924672767,10.149357888534272,28.429686984774595,-15.779139713963394,3.61,1.67,305,"90",35,"96.1",2336,"6.9",744932,672386,665489,624415,643396,666182,676914,662139,543807,"53.62",,,,,,,,13,1,"4-Seam Fastball",0,3,3,0,3,0,3,0,"Standard","Standard",140,"0.001","-0.037","67.9","7.1",,,"0.037","90.0",-3,3,0.236,0.764,33,26,33,26,1,0,6,1,5,4,"1.28","0.69","-0.69","43.0",-0.5906710239864199,13.917771104447914,30.802855262426068,44.94890935925982,17.955711267596243
"FC","2024-06-01","92.5","-1.78","5.06","Bichette, Bo",666182,682847,,"foul",,,,,1,,"R","R","R","TOR","PIT","S",,,0,0,2024,"-0.25","0.7",-0.35100526772534824,3.278799899321574,,,,0,9,"Bot",,,,,,,4.230858511365803,-134.78317258191493,-0.3023272132905562,-3.934095242468979,27.018068782604367,-23.77729594135102,3.68,1.69,137,"70.9",75,"93.7",2481,"6.7",744932,518735,642133,669707,663647,693304,668804,572191,656582,"53.76",,,,,,,,70,1,"Cutter",1,8,1,8,8,1,1,8,"Standard","Standard",198,"0","-0.037","73.5","7.6",,,"0.037","88.0",-7,-7,0.001,0.001,25,26,25,26,1,3,3,1,7,1,"1.94","0.25","0.25","22.2",9.964649904657687,-12.749810118707764,25.97943746485056,30.011919306814264,33.70190382377369
"SI","2024-06-01","93.3","-2.04","5.67","Springer, George",543807,656605,,"called_strike",,,,,6,,"R","R","R","TOR","PIT","S",,,0,0,2024,"-1.03","0.87",0.6170930925797804,2.4438117552062137,,,,0,2,"Bot",,,,,,,9.10327529732246,-135.56543821215735,-4.451700657466165,-14.682567333906528,29.154069109377716,-20.65841813276494,3.71721285176081,1.78182584871269,,,,"93.3",2387,"6.3",744932,518735,656582,669707,663647,693304,668804,572191,658668,"54.16",,,,,,,,16,1,"Sinker",0,3,0,3,3,0,0,3,"Infield shade","Standard",222,"-0.003","-0.037",,,,,"0.037",,-3,-3,0.253,0.253,28,34,28,35,1,0,7,1,6,1,"1.75","1.03","1.03","30.1",,,,,
"FF","2024-06-01","94","2.4","5.43","Grandal, Yasmani",518735,579328,"field_out","hit_into_play",,,,,2,"Yasmani Grandal lines out sharply to left fielder Davis Schneider.","R","R","L","TOR","PIT","X",7,"line_drive",1,1,2024,"0.53","1.3",0.10715149714385686,2.862909401978921,,,,0,2,"Top",71.74,76.89,,,,,-7.20660104676624,-136.69418962030463,-3.82511319349988,8.327733563227145,31.03793679293631,-15.267387587624142,3.22,1.49,330,"108",18,"94.9",2264,"6.9",744932,672386,665489,624415,643396,666182,676914,662139,543807,"53.59",0.563,0.8861904761904762,"0",1,0,0,6,12,3,"4-Seam Fastball",0,3,3,0,3,0,3,0,"Infield shade","Standard",142,"0.013","-0.243","73.7","7.4",,1.603,"0.243","108.0",-3,3,0.223,0.777,33,35,33,36,1,0,6,1,5,1,"1.29","0.53","-0.53","43.9",12.131934727268014,0.7392394374130962,27.048122654128786,41.12225464434446,32.365777421653505
"FC","2024-06-01","93.9","-1.86","5.83","Vogelbach, Daniel",596129,656605,"strikeout","swinging_strike",,,,,12,"Daniel Vogelbach strikes out swinging.","R","L","R","TOR","PIT","S",2,,3,2,2024,"0.24","0.87",1.3950806968333869,2.672357704619203,662139,665489,,2,1,"Bot",,,,,,,7.925593651257929,-136.70604734742886,-4.486118277178175,1.666119698281709,24.22127551677676,-20.488075550597724,3.3,1.6,,,,"95",2657,"6.5",744932,518735,656582,669707,663647,693304,668804,572191,658668,"54.02",,0,"0",1,0,0,,11,6,"Cutter",0,3,0,3,3,0,0,3,"Standard","Standard",187,"-0.057","-0.273","75.3","7.6","1.356986928",,"0.273",,-3,-3,0.279,0.279,28,31,28,32,1,0,7,1,6,1,"1.67","-0.24","0.24","37.9",13.623126711443565,-19.36478422727426,34.15428997377841,21.001512274528217,31.29091139303303
"SI","2024-06-01","95.2","-1.71","4.75","Guerrero Jr., Vladimir",665489,682847,"field_out","hit_into_play",,,,,5,"Vladimir Guerrero Jr. lines out sharply to center fielder Michael A. Taylor.","R","R","R","TOR","PIT","X",8,"line_drive",2,0,2024,"-1.19","0.39",-0.24552572760401992,2.324689628640889,,,,2,8,"Bot",146.91,41.64,,,,,6.5724965419614785,-138.51209164256366,-1.6393439972927657,-16.771449379962455,29.256214841180622,-26.942795474268568,3.69,1.7,391,"108.4",21,"96.2",2390,"6.8",744932,518735,642133,669707,663647,693304,668804,572191,656582,"53.72",0.756,1.3596666666666668,"0",1,0,0,6,64,3,"Sinker",1,6,1,6,6,1,1,6,"Standard","Standard",225,"-0.003","-0.363","80.5","7.8",,2.588,"0.363","108.4",-5,-5,0.009,0.009,25,25,25,25,1,3,3,1,7,1,"2.11","1.19","1.19","19.2",7.1228417024804145,-1.7912932796747656,29.723951837295047,37.54166206130725,32.623012436037094
"CU","2024-06-01","78.2","1.92","5.71","Grandal, Yasmani",518735,579328,,"called_strike",,,,,4,,"R","R","L","TOR","PIT","S",,,1,0,2024,"-0.59","-0.26",-0.3412453534618994,2.5750835887366823,,,,0,2,"Top",,,,,,,-3.8317787715275795,-113.91678117909268,0.5341535690271033,-4.580486560527319,18.74061302090994,-34.759420075414276,3.22234800908067,1.4625684786834,,,,"79.4",2336,"6.9",744932,672386,665489,624415,643396,666182,676914,662139,543807,"53.65",,,,,,,,12,2,"Curveball",0,3,3,0,3,0,3,0,"Infield shade","Standard",313,"0.003","-0.049",,,,,"0.049",,-3,3,0.22,0.78,33,35,33,36,1,0,6,1,5,1,"3.95","-0.59","0.59","57.2",,,,,
"SL","2024-06-01","89.7","-1.8","5.93","Vogelbach, Daniel",596129,656605,,"ball",,,,,12,,"R","L","R","TOR","PIT","B",,,2,2,2024,"0.51","0.15",0.9196240652078993,2.430684307664715,662139,665489,,2,1,"Bot",,,,,,,5.660485297158061,-130.77058378846147,-3.1184959123362423,5.0170794484134555,22.497165055533017,-30.055095987715898,3.16771306547276,1.54042471548982,,,,"90.5",2692,"6.3",744932,518735,656582,669707,663647,693304,668804,572191,658668,"54.2",,,,,,,,11,5,"Slider",0,3,0,3,3,0,0,3,"Standard","Standard",117,"0.011","0.046",,,,,"-0.046",,-3,-3,0.268,0.268,28,31,28,32,1,0,7,1,6,1,"2.63","-0.51","0.51","40.0",,,,,
"FC","2024-06-01","92.8","-1.74","4.89","Guerrero Jr., Vladimir",665489,682847,,"ball",,,,,14,,"R","R","R","TOR","PIT","B",,,1,0,2024,"-0.16","0.65",1.076090542241255,1.522146272319733,,,,2,8,"Bot",,,,,,,7.7105979372610385,-134.99791868945863,-4.36871640361826,-3.5035003709835055,26.580874011319693,-23.457924024330815,3.58546271053623,1.64976484528787,,,,"94.9",2472,"7.3",744932,518735,642133,669707,663647,693304,668804,572191,656582,"53.21",,,,,,,,64,2,"Cutter",1,6,1,6,6,1,1,6,"Standard","Standard",205,"0.001","0.068",,,,,"-0.068",,-5,-5,0.008,0.008,25,25,25,25,1,3,3,1,7,1,"1.98","0.16","0.16","21.3",,,,,
"SL","2024-06-01","82.5","-1.73","6.43","Olivares, Edward",658668,621114,"grounded_into_double_play","hit_into_play",,,,,4,"Edward Olivares grounds into a double play, third baseman Isiah Kiner-Falefa to second baseman Cavan Biggio to first baseman Vladimir Guerrero Jr. Connor Joe out at 2nd. Edward Olivares out at 1st.","R","R","R","TOR","PIT","X",5,"ground_ball",0,2,2024,"0.23","-0.34",-0.3696402896340182,2.61367607436101,,,656582,1,7,"Top",98.66,168.23,,,,,2.6531488181090124,-120.2222069267516,-1.610026008874062,1.8204390675975268,20.517565809367216,-35.430246408330625,3.71,1.76,55,"103.8",0,"83.6",2520,"6.6",744932,672386,665489,624415,643396,666182,676914,662139,543807,"53.86",0.489,0.45,"0",1,0,0,4,55,4,"Slider",1,6,6,1,6,1,6,1,"Standard","Standard",72,"0.006","-0.222","73.4","7.0",,0.535,"0.222","103.8",-5,5,0.033,0.967,30,28,30,28,1,3,,1,2,3,"3.65","-0.23","-0.23","54.7",11.953608660301763,-7.7666867206481935,26.746478810462662,27.726235216431043,34.829872060827135
"FF","2024-06-01","93.3","2.45","5.5","Grandal, Yasmani",518735,579328,,"ball",,,,,12,,"R","R","L","TOR","PIT","B",,,0,0,2024,"0.5","1.49",1.1666023295677412,3.0979190151198006,,,,0,2,"Top",,,,,,,-4.445464340207946,-135.87158993720237,-3.7741862716886825,7.170940752547081,29.381175254544477,-13.041447665730992,3.25877710142055,1.49248905959028,,,,"94.5",2266,"6.9",744932,672386,665489,624415,643396,666182,676914,662139,543807,"53.61",,,,,,,,12,1,"4-Seam Fastball",0,3,3,0,3,0,3,0,"Infield shade","Standard",147,"-0.002","0.038",,,,,"-0.038",,-3,3,0.222,0.778,33,35,33,36,1,0,6,1,5,1,"1.12","0.5","-0.5","43.6",,,,,
"SL","2024-06-01","83.1","-1.79","6.55","Olivares, Edward",658668,621114,,"foul",,,,,14,,"R","R","R","TOR","PIT","S",,,0,2,2024,"0.24","0.04",0.23452515784794933,1.1796542212103724,,,656582,1,7,"Top",,,,,,,4.200014558463583,-121.02550026236128,-6.006855879284931,1.585848504088224,21.913997085744164,-30.835070940525664,3.71,1.76,,,,"83.9",2490,"6.6",744932,672386,665489,624415,643396,666182,676914,662139,543807,"53.86",,,,,,,,55,3,"Slider",1,6,6,1,6,1,6,1,"Standard","Standard",64,"0","0","64.8","8.5",,,"0",,-5,5,0.033,0.967,30,28,30,28,1,3,,1,2,3,"3.23","-0.24","-0.24","58.7",17.615476396692213,-30.417024492203687,35.52730433481341,34.14089417319525,39.89344468903794
"FC","2024-06-01","93","-1.64","5.05","Guerrero Jr., Vladimir",665489,682847,,"ball",,,,,12,,"R","R","R","TOR","PIT","B",,,0,0,2024,"0.15","0.8",1.765813543105877,2.684676335156949,,,,2,8,"Bot",,,,,,,8.473596985596297,-135.3449998944647,-2.1033089292461793,0.1704474846257665,26.287400890183726,-22.049520352045285,3.61914301127008,1.61403207218365,,,,"94",2539,"6.6",744932,518735,642133,669707,663647,693304,668804,572191,656582,"53.88",,,,,,,,64,1,"Cutter",1,6,1,6,6,1,1,6,"Standard","Standard",184,"0","0.04",,,,,"-0.04",,-5,-5,0.008,0.008,25,25,25,25,1,3,3,1,7,1,"1.81","-0.15","-0.15","25.0",,,,,
"SI","2024-06-01","96.1","-1.95","5.64","Vogelbach, Daniel",596129,656605,,"ball",,,,,12,,"R","L","R","TOR","PIT","B",,,1,2,2024,"-1.02","0.76",1.0067478490908301,3.3844318748081186,662139,665489,,2,1,"Bot",,,,,,,10.137237840372471,-139.69939699155452,-2.1502419691299455,-15.538315931474775,28.989836548085233,-21.842162188229555,3.23995446498723,1.61259551791657,,,,"96.4",2615,"6.3",744932,518735,656582,669707,663647,693304,668804,572191,658668,"54.17",,,,,,,,11,4,"Sinker",0,3,0,3,3,0,0,3,"Standard","Standard",221,"0.008","0.028",,,,,"-0.028",,-3,-3,0.26,0.26,28,31,28,32,1,0,7,1,6,1,"1.69","1.02","-1.02","34.7",,,,,
"CU","2024-06-01","81.3","2","5.69","Gonzales, Nick",693304,579328,"strikeout","swinging_strike",,,,,8,"Nick Gonzales strikes out swinging.","R","R","L","TOR","PIT","S",2,,1,2,2024,"-0.32","-0.56",0.2411193127175973,1.536586741422652,,,,2,1,"Top",,,,,,,-3.375024637349141,-118.46719788445802,-1.7052804229936465,-2.412436933734679,20.90802433354444,-37.39729227063527,3.39,1.55,,,,"82.5",2428,"6.9",744932,672386,665489,624415,643396,666182,676914,662139,543807,"53.64",,0,"0",1,0,0,,6,6,"Curveball",0,3,3,0,3,0,3,0,"Standard","Standard",311,"0.005","-0.18","71.7","8.5","3.123363408",,"0.18",,-3,3,0.262,0.738,33,25,33,25,1,0,6,1,5,1,"3.98","-0.32","0.32","53.7",28.375463002814616,-34.103641612201095,35.88877202730797,39.77043477486743,54.769324533217336
"FF","2024-06-01","96.9","-1.59","4.98","Varsho, Daulton",662139,682847,"strikeout","swinging_strike",,,,,2,"Daulton Varsho strikes out swinging.","R","L","R","TOR","PIT","S",2,,1,2,2024,"-0.8","0.89",-0.2681549250269427,2.9727090409377457,,,,1,8,"Bot",,,,,,,5.3569534967872965,-141.08318852352093,-1.8614033693641137,-11.881450170194988,32.16834724778963,-20.061993203192728,3.16,1.4,,,,"97",2225,"6.3",744932,518735,642133,669707,663647,693304,668804,572191,656582,"54.18",,0,"0",1,0,0,,63,5,"4-Seam Fastball",1,6,1,6,6,1,1,6,"Standard","Standard",231,"-0.003","-0.182","75.0","6.7","0.447494736",,"0.182",,-5,-5,0.011,0.011,25,27,25,28,1,3,3,3,7,1,"1.53","0.8","-0.8","18.7",1.9676931437318124,11.872275888427977,29.061876309849414,37.01481737608058,19.88206585532173
"FF","2024-06-01","93.5","-1.64","6.44","Olivares, Edward",658668,621114,,"foul",,,,,12,,"R","R","R","TOR","PIT","S",,,0,1,2024,"0.18","1.32",1.1294857165533827,3.1135784189919686,,,656582,1,7,"Top",,,,,,,6.856174495335744,-136.02896501249654,-5.887583700308465,0.9112860438832575,26.819243951101782,-14.62464014015466,3.71,1.76,180,"74.2",63,"95.3",2201,"7.1",744932,672386,665489,624415,643396,666182,676914,662139,543807,"53.38",,,,,,,,55,2,"4-Seam Fastball",1,6,6,1,6,1,6,1,"Standard","Standard",188,"0.001","-0.052","65.2","7.1",,,"0.052","88.0",-5,5,0.032,0.968,30,28,30,28,1,3,,1,2,3,"1.26","-0.18","-0.18","56.9",2.0023812609891785,3.2133229976313626,23.389365599610414,44.799767111041405,23.197088847148255
"FF","2024-06-01","96.4","-1.87","5.76","Vogelbach, Daniel",596129,656605,,"called_strike",,,,,6,,"R","L","R","TOR","PIT","S",,,1,1,2024,"-0.76","1.13",0.6176091593919194,2.3364946242913183,662139,665489,,2,1,"Bot",,,,,,,8.344870097826453,-140.2325642013919,-6.160839869268405,-11.775363004795189,27.12499569553991,-16.10354255414499,3.27000241404149,1.57311583705667,,,,"97",2501,"6.3",744932,518735,656582,669707,663647,693304,668804,572191,658668,"54.17",,,,,,,,11,3,"4-Seam Fastball",0,3,0,3,3,0,0,3,"Standard","Standard",219,"-0.013","-0.072",,,,,"0.072",,-3,-3,0.273,0.273,28,31,28,32,1,0,7,1,6,1,"1.3","0.76","-0.76","35.8",,,,,
"FF","2024-06-01","95.1","2.52","5.44","Gonzales, Nick",693304,579328,,"foul",,,,,12,,"R","R","L","TOR","PIT","S",,,1,2,2024,"0.59","1.2",0.899374099951404,3.111174237793654,,,,2,1,"Top",,,,,,,-5.641476239544778,-138.47530946141413,-3.194209002980252,8.844049385932726,30.416202747216115,-16.209633097594494,3.39,1.55,229,"87.2",58,"96.3",2190,"6.9",744932,672386,665489,624415,643396,666182,676914,662139,543807,"53.59",,,,,,,,6,5,"4-Seam Fastball",0,3,3,0,3,0,3,0,"Standard","Standard",147,"0","0","66.3","6.7",,,"0","88.0",-3,3,0.262,0.738,33,25,33,25,1,0,6,1,5,1,"1.31","0.59","-0.59","40.2",10.706179698016292,16.113848081200448,22.61276196498087,46.682208743908895,22.587264430053086
"FC","2024-06-01","92.4","-1.92","5.82","Vogelbach, Daniel",596129,656605,,"ball",,,,,12,,"R","L","R","TOR","PIT","B",,,0,1,2024,"0.55","0.66",1.6245241778819968,3.852915607760387,662139,,665489,2,1,"Bot",,,,,,,7.85717255101624,-134.594130426838,-0.7368524285821698,5.2990444860829005,24.484977884097596,-24.057176616002277,3.18966577466681,1.56034068354275,,,,"93.2",2672,"6.4",744932,518735,656582,669707,663647,693304,668804,572191,658668,"54.14",,,,,,,,11,2,"Cutter",0,3,0,3,3,0,0,3,"Standard","Standard",179,"0.013","0.031",,,,,"-0.031",,-3,-3,0.26,0.26,28,31,28,32,1,0,7,1,6,1,"1.97","-0.55","0.55","35.2",,,,,
"FF","2024-06-01","97.6","-1.62","5.05","Varsho, Daulton",662139,682847,,"ball",,,,,12,,"R","L","R","TOR","PIT","B",,,0,2,2024,"-0.86","1.02",1.1140037039114286,2.697495182074597,,,,1,8,"Bot",,,,,,,9.35885391438148,-141.91653850066655,-3.1849444353821927,-13.704980689818248,31.477532877952655,-17.77386663132053,3.16704791115082,1.39660989967873,,,,"98",2271,"6.5",744932,518735,642133,669707,663647,693304,668804,572191,656582,"54.04",,,,,,,,63,4,"4-Seam Fastball",1,6,1,6,6,1,1,6,"Standard","Standard",228,"0","0.02",,,,,"-0.02",,-5,-5,0.011,0.011,25,27,25,28,1,3,3,3,7,1,"1.37","0.86","-0.86","21.9",,,,,
"SL","2024-06-01","84.5","-1.88","6.43","Olivares, Edward",658668,621114,,"swinging_strike",,,,,14,,"R","R","R","TOR","PIT","S",,,0,0,2024,"0.23","-0.31",0.2739290976830487,1.5417725294324285,,,656582,1,7,"Top",,,,,,,4.622127199785605,-123.00586195255347,-4.520930879473285,1.5129625009753165,22.382158642285248,-34.71881962268804,3.71,1.76,,,,"85.9",2496,"7",744932,672386,665489,624415,643396,666182,676914,662139,543807,"53.51",,,,,,,,55,1,"Slider",1,6,6,1,6,1,6,1,"Standard","Standard",97,"0","-0.04","77.4","8.0","2.006585448",,"0.04",,-5,5,0.032,0.968,30,28,30,28,1,3,,1,2,3,"3.48","-0.23","-0.23","57.8",20.429740633827596,-21.077081605538584,32.60991016410496,34.0880215281735,44.510536275394664
"CU","2024-06-01","82.4","2.02","5.67","Gonzales, Nick",693304,579328,,"foul",,,,,13,,"R","R","L","TOR","PIT","S",,,1,2,2024,"-0.71","-0.5",-0.7071024567676271,0.8560900612310958,,,,2,1,"Top",,,,,,,-4.879772502312816,-120.01771684586048,-3.5316479877119034,-5.973790894342774,22.088932947184187,-36.5357181491065,3.39,1.55,0,"31.3",-75,"83.5",2544,"6.9",744932,672386,665489,624415,643396,666182,676914,662139,543807,"53.65",,,,,,,,6,4,"Curveball",0,3,3,0,3,0,3,0,"Standard","Standard",326,"0","0","69.6","8.2",,,"0","88.0",-3,3,0.262,0.738,33,25,33,25,1,0,6,1,5,1,"3.83","-0.71","0.71","51.5",19.90769319080501,-30.99862798479706,40.83827896870528,29.83988677977927,57.643775625957915
"SL","2024-06-01","84","-1.78","6.39","Joe, Connor",656582,621114,"walk","ball",,,,,14,"Connor Joe walks.","R","R","R","TOR","PIT","B",,,3,2,2024,"0.3","-0.36",1.544510453798764,2.042725634751286,,,,1,7,"Top",,,,,,,7.210946899818931,-122.32896106355778,-3.0710664976192126,1.7740466362094904,21.35147147138865,-35.476011003111466,3.19155596738748,1.53229275328133,,,,"85.5",2415,"7",744932,672386,665489,624415,643396,666182,676914,662139,543807,"53.53",,0.689131,"0.7",1,0,0,,54,6,"Slider",1,6,6,1,6,1,6,1,"Infield shade","Standard",64,"-0.003","0.348",,,,,"-0.348",,-5,5,0.035,0.965,30,31,30,32,1,3,,1,2,1,"3.56","-0.3","-0.3","59.5",,,,,
"FC","2024-06-01","93","-1.92","5.83","Vogelbach, Daniel",596129,656605,,"called_strike",,,,,3,,"R","L","R","TOR","PIT","S",,,0,0,2024,"0.14","0.95",0.49716610284682344,3.2629575615062216,662139,,665489,2,1,"Bot",,,,,,,5.892706078350775,-135.48186362291173,-2.9814280927269095,0.6902325326261611,24.84098938911004,-19.9484752398765,3.25678273924059,1.6624286165781,,,,"93.7",2628,"6.3",744932,518735,656582,669707,663647,693304,668804,572191,658668,"54.2",,,,,,,,11,1,"Cutter",0,3,0,3,3,0,0,3,"Standard","Standard",183,"-0.007","-0.046",,,,,"0.046",,-3,-3,0.267,0.267,28,31,28,32,1,0,7,1,6,1,"1.65","-0.14","0.14","36.4",,,,,
"SL","2024-06-01","85.1","-1.41","5.22","Varsho, Daulton",662139,682847,,"foul",,,,,9,,"R","L","R","TOR","PIT","S",,,0,2,2024,"1.05","-0.1",0.4099831658607447,1.4886112958937527,,,,1,8,"Bot",,,,,,,2.1828733252222956,-123.99154692628478,-2.2986911012603817,10.389898200490066,23.95020327846068,-32.948741826144044,3.16,1.4,277,"92.9",25,"85.7",2525,"6.6",744932,518735,642133,669707,663647,693304,668804,572191,656582,"53.94",,,,,,,,63,3,"Slider",1,6,1,6,6,1,1,6,"Standard","Standard",94,"0","0","65.5","8.6",,,"0","92.9",-5,-5,0.011,0.011,25,27,25,28,1,3,3,3,7,1,"3.23","-1.05","1.05","34.8",23.555043163395435,-30.10256680719492,40.177918773022405,29.955871190710624,41.97833510790305
"ST","2024-06-01","83.9","-1.97","5.74","Bichette, Bo",666182,656605,"strikeout","swinging_strike",,,,,14,"Bo Bichette strikes out swinging.","R","R","R","TOR","PIT","S",2,,0,2,2024,"1.42","-0.06",0.9001262924783315,2.4683978415824126,662139,,665489,1,1,"Bot",,,,,,,3.838075616259419,-122.2355134711612,-1.0528494113309144,13.469035224601857,24.46233388232768,-32.8125770624844,3.68,1.69,,,,"84",2879,"6.3",744932,518735,656582,669707,663647,693304,668804,572191,658668,"54.15",,0,"0",1,0,0,,10,3,"Sweeper",0,3,0,3,3,0,0,3,"Standard","Standard",73,"-0.037","-0.251","71.0","6.3","0.383717076",,"0.251",,-3,-3,0.304,0.304,28,26,28,26,1,0,7,1,6,1,"3.3","-1.42","-1.42","36.3",-16.671031238072153,23.945664026792542,40.26421444319683,44.37897638241798,9.737700092816848
"SL","2024-06-01","86.1","-1.54","5.18","Varsho, Daulton",662139,682847,,"foul",,,,,6,,"R","L","R","TOR","PIT","S",,,0,1,2024,"0.93","-0.16",0.3927176802859882,2.3697758298582223,,,,1,8,"Bot",,,,,,,2.7154603141705618,-125.45012692842077,-0.12214486740552855,9.247506748743774,25.77413848343236,-34.03174892548161,3.16,1.4,180,"65.4",28,"86.5",2499,"6.5",744932,518735,642133,669707,663647,693304,668804,572191,656582,"53.97",,,,,,,,63,2,"Slider",1,6,1,6,6,1,1,6,"Standard","Standard",79,"-0.001","-0.057","70.6","7.3",,,"0.057","88.0",-5,-5,0.012,0.012,25,27,25,28,1,3,3,3,7,1,"3.23","-0.93","0.93","34.1",7.30800394803873,-9.757083288069293,35.97349618153537,29.044981985432077,27.962864962968656
"SL","2024-06-01","84.7","-1.69","6.33","Joe, Connor",656582,621114,,"ball",,,,,14,,"R","R","R","TOR","PIT","B",,,2,2,2024,"0.41","-0.19",0.9160437016881637,0.38929419460635506,,,,1,7,"Top",,,,,,,5.338535225885668,-123.25172483959476,-7.350578694616402,3.354477993252237,20.901187562035016,-33.06953170772574,3.1920570815351,1.53229567768251,,,,"86.6",2436,"7.2",744932,672386,665489,624415,643396,666182,676914,662139,543807,"53.33",,,,,,,,54,5,"Slider",1,6,6,1,6,1,6,1,"Infield shade","Standard",84,"0","0.108",,,,,"-0.108",,-5,5,0.035,0.965,30,31,30,32,1,3,,1,2,1,"3.33","-0.41","-0.41","55.6",,,,,
"FF","2024-06-01","95","2.44","5.47","Gonzales, Nick",693304,579328,,"swinging_strike",,,,,6,,"R","R","L","TOR","PIT","S",,,1,1,2024,"0.62","1.35",0.47491196858567064,2.6548578462953287,,,,2,1,"Top",,,,,,,-6.596615080778997,-138.19692592346053,-4.821050565531053,9.336292863755537,30.071014715560274,-13.911942228430156,3.39,1.55,,,,"96",2320,"6.9",744932,672386,665489,624415,643396,666182,676914,662139,543807,"53.64",,,,,,,,6,3,"4-Seam Fastball",0,3,3,0,3,0,3,0,"Infield shade","Standard",139,"0.002","-0.064","76.4","7.2","0.8336925",,"0.064",,-3,3,0.26,0.74,33,25,33,25,1,0,6,1,5,1,"1.17","0.62","-0.62","41.4",8.28320846069076,6.653281349506656,32.88507153462581,42.29839340781269,27.709954496608233
"FC","2024-06-01","91.2","-1.65","5.11","Varsho, Daulton",662139,682847,,"called_strike",,,,,1,,"R","L","R","TOR","PIT","S",,,0,0,2024,"0.42","0.6",-0.3387453438682049,3.323336128507169,,,,1,8,"Bot",,,,,,,2.406064795415301,-132.93366421041844,0.0201072929318159,4.552285349910891,25.017631201509413,-25.17905400957094,3.24236990779982,1.40195352489222,,,,"91.9",2515,"6.4",744932,518735,642133,669707,663647,693304,668804,572191,656582,"54.14",,,,,,,,63,1,"Cutter",1,6,1,6,6,1,1,6,"Infield shade","Standard",171,"-0.001","-0.037",,,,,"0.037",,-5,-5,0.013,0.013,25,27,25,28,1,3,3,3,7,1,"2.1","-0.42","0.42","24.9",,,,,
"SL","2024-06-01","85.6","-1.8","6.32","Joe, Connor",656582,621114,,"ball",,,,,14,,"R","R","R","TOR","PIT","B",,,1,2,2024,"0.33","0.01",1.6329618705935725,-0.4475776365231927,,,,1,7,"Top",,,,,,,7.576860967286841,-124.18330215933234,-9.897495016653654,2.0111361794853018,23.225148458663345,-30.318549652869354,3.22226557962718,1.56297913512902,,,,"87.3",2476,"7.4",744932,672386,665489,624415,643396,666182,676914,662139,543807,"53.12",,,,,,,,54,4,"Slider",1,6,6,1,6,1,6,1,"Standard","Standard",45,"-0.001","0.043",,,,,"-0.043",,-5,5,0.036,0.964,30,31,30,32,1,3,,1,2,1,"3.1","-0.33","-0.33","57.1",,,,,
"SI","2024-06-01","94.6","-1.93","5.77","Bichette, Bo",666182,656605,,"foul",,,,,1,,"R","R","R","TOR","PIT","S",,,0,1,2024,"-1.2","1.03",-0.2847890380071312,3.154183456822139,662139,,665489,1,1,"Bot",,,,,,,7.006457133724454,-137.63409327327136,-3.4765052476480314,-16.780419117917614,28.971757394768503,-18.51191998317369,3.68,1.69,114,"76.8",7,"95.2",2448,"6.6",744932,518735,656582,669707,663647,693304,668804,572191,658668,"53.95",,,,,,,,10,2,"Sinker",0,3,0,3,3,0,0,3,"Standard","Standard",214,"-0.016","-0.066","63.4","5.5",,,"0.066","88.0",-3,-3,0.32,0.32,28,26,28,26,1,0,7,1,6,1,"1.51","1.2","1.2","32.9",-17.21245096639231,29.135891193983372,40.279895806671625,28.891109198953068,11.188227783914513
"FF","2024-06-01","94.8","2.28","5.52","Gonzales, Nick",693304,579328,,"called_strike",,,,,8,,"R","R","L","TOR","PIT","S",,,1,0,2024,"0.53","1.41",-0.09269859116646462,1.7923057288369542,,,,2,1,"Top",,,,,,,-7.456596732643391,-137.74188922894533,-7.327495836441304,8.351156292242525,27.97602637242489,-12.797829604560834,3.39221030559693,1.5139414062976,,,,"96.1",2332,"6.9",744932,672386,665489,624415,643396,666182,676914,662139,543807,"53.6",,,,,,,,6,2,"4-Seam Fastball",0,3,3,0,3,0,3,0,"Infield shade","Standard",143,"0.001","-0.051",,,,,"0.051",,-3,3,0.259,0.741,33,25,33,25,1,0,6,1,5,1,"1.12","0.53","-0.53","43.2",,,,,
"FC","2024-06-01","91.1","-1.81","4.99","Schneider, Davis",676914,682847,"field_out","hit_into_play",,,,,6,"Davis Schneider flies out to right fielder Connor Joe.","R","R","R","TOR","PIT","X",9,"fly_ball",2,2,2024,"0.32","0.54",0.38616657102979146,2.3632824139139847,,,,0,8,"Bot",176.51,108.06,,,,,4.852238188050792,-132.68830902903446,-1.8940782736773323,2.7485724950769495,27.128068340188246,-25.609776750680993,3.08,1.49,259,"89.4",49,"91.6",2495,"6.4",744932,518735,642133,669707,663647,693304,668804,572191,656582,"54.09",0.008,0.014,"0",1,0,0,3,62,6,"Cutter",1,6,1,6,6,1,1,6,"Standard","Standard",180,"-0.008","-0.227","70.2","6.7",,0.02,"0.227","89.4",-5,-5,0.021,0.021,25,25,25,25,1,3,3,1,7,1,"2.19","-0.32","-0.32","23.0",12.383374833813292,10.611934950599313,30.42020686766397,38.64546637056905,28.85755630958458
"SL","2024-06-01","84.6","-1.72","6.41","Joe, Connor",656582,621114,,"ball",,,,,14,,"R","R","R","TOR","PIT","B",,,0,2,2024,"0.32","-0.04",0.7213977760848479,1.4221153734930594,,,,1,7,"Top",,,,,,,5.10722396542323,-123.12501080692151,-5.306088730543627,2.3341913163927726,22.32130060702249,-31.77152085053964,3.22575969984008,1.56190746326166,,,,"85.9",2383,"6.9",744932,672386,665489,624415,643396,666182,676914,662139,543807,"53.6",,,,,,,,54,3,"Slider",1,6,6,1,6,1,6,1,"Standard","Standard",74,"0","0.02",,,,,"-0.02",,-5,5,0.036,0.964,30,31,30,32,1,3,,1,2,1,"3.2","-0.32","-0.32","55.9",,,,,
"SI","2024-06-01","94.6","-1.94","5.76","Bichette, Bo",666182,656605,,"foul",,,,,1,,"R","R","R","TOR","PIT","S",,,0,0,2024,"-1.28","0.78",-0.42239507016299904,3.439467418257718,662139,,665489,1,1,"Bot",,,,,,,6.816116111948335,-137.71049783145395,-2.1419199959746185,-17.73396248226765,29.415889878045274,-21.957603860323935,3.68,1.69,176,"77.2",12,"94.9",2355,"6.4",744932,518735,656582,669707,663647,693304,668804,572191,658668,"54.15",,,,,,,,10,1,"Sinker",0,3,0,3,3,0,0,3,"Standard","Standard",217,"-0.009","-0.045","58.2","5.3",,,"0.045","88.0",-3,-3,0.329,0.329,28,26,28,26,1,0,7,1,6,1,"1.76","1.28","1.28","34.3",-17.912000454307904,33.635077149563,36.95904572591773,28.86711602291554,11.778455503538696
"FF","2024-06-01","94.7","2.44","5.49","Gonzales, Nick",693304,579328,,"ball",,,,,12,,"R","R","L","TOR","PIT","B",,,0,0,2024,"0.65","1.18",0.11067453439839525,3.6510589495491894,,,,2,1,"Top",,,,,,,-7.611327347371115,-137.80594598130102,-1.8186325292993992,9.885564862805266,29.273906579832694,-16.85081627960554,3.45207490005943,1.55226346859472,,,,"95.8",2425,"6.8",744932,672386,665489,624415,643396,666182,676914,662139,543807,"53.68",,,,,,,,6,1,"4-Seam Fastball",0,3,3,0,3,0,3,0,"Infield shade","Standard",150,"-0.001","0.04",,,,,"-0.04",,-3,3,0.26,0.74,33,25,33,25,1,0,6,1,5,1,"1.35","0.65","-0.65","42.3",,,,,
"FF","2024-06-01","97","-1.84","5.8","Guerrero Jr., Vladimir",665489,656605,"walk","ball",,,,,14,"Vladimir Guerrero Jr. walks.","R","R","R","TOR","PIT","B",,,3,1,2024,"-0.78","1.21",2.1563806611652954,2.1886079913168164,662139,,,1,1,"Bot",,,,,,,12.437292618362788,-140.6826935121602,-6.908242053085694,-12.938495907250571,27.764496318906698,-14.691021563739268,3.67398500125077,1.70238058494244,,,,"97.3",2545,"6.4",744932,518735,656582,669707,663647,693304,668804,572191,658668,"54.14",,0.689131,"0.7",1,0,0,,9,5,"4-Seam Fastball",0,3,0,3,3,0,0,3,"Infield shade","Standard",213,"0.014","0.112",,,,,"-0.112",,-3,-3,0.315,0.315,28,25,28,25,1,0,7,1,6,1,"1.21","0.78","0.78","37.2",,,,,
"SL","2024-06-01","87.5","-1.5","5.2","Schneider, Davis",676914,682847,,"ball",,,,,14,,"R","R","R","TOR","PIT","B",,,1,2,2024,"0.38","0.31",1.3773137642147326,1.9303530861285076,,,,0,8,"Bot",,,,,,,6.194507273666998,-127.47068511988284,-2.5082847680710034,3.1611445117473598,21.962121359378546,-28.445606270819674,3.05146630080698,1.4925472559406,,,,"88.6",2532,"6.6",744932,518735,642133,669707,663647,693304,668804,572191,656582,"53.94",,,,,,,,62,5,"Slider",1,6,1,6,6,1,1,6,"Standard","Standard",108,"0.002","0.04",,,,,"-0.04",,-5,-5,0.019,0.019,25,25,25,25,1,3,3,1,7,1,"2.62","-0.38","-0.38","27.8",,,,,
"SL","2024-06-01","87.6","2.35","5.55","Hayes, Ke'Bryan",663647,579328,"home_run","hit_into_play",,,,,5,"Ke'Bryan Hayes homers (2) on a line drive to left center field. Connor Joe scores.","R","R","L","TOR","PIT","X",,"line_drive",0,1,2024,"-0.44","0.34",-0.22193534950960114,2.6360412109309883,,656582,,2,1,"Top",70.53,45.05,,,,,-5.3683841928143865,-127.64738112891982,-1.7068738650181805,-3.8686056787115843,22.618939887240614,-28.278352313371304,3.26,1.55,404,"107.8",20,"89.1",2413,"6.8",744932,672386,665489,624415,643396,666182,676914,662139,543807,"53.69",0.729,1.2864468085106382,"2",1,0,3,6,5,2,"Slider",0,1,1,0,3,0,3,0,"Standard","Standard",270,"-0.162","1.631","74.6","7.0",,2.415,"-1.631","107.8",-1,1,0.422,0.578,33,27,33,27,1,0,6,1,5,1,"2.59","-0.44","0.44","44.2",8.079158349094545,-8.245332732192857,23.024485037126173,33.53848196607204,39.42221010764591
"FF","2024-06-01","93.4","-1.64","6.42","Joe, Connor",656582,621114,,"foul",,,,,6,,"R","R","R","TOR","PIT","S",,,0,1,2024,"-0.09","1.31",0.754283892336531,2.451046913005089,,,,1,7,"Top",,,,,,,6.4652196762888705,-135.74546057066618,-7.470069746689116,-2.4623718866612725,27.999177586465535,-14.562881967624358,3.22,1.53,195,"72.8",55,"95",2192,"7.1",744932,672386,665489,624415,643396,666182,676914,662139,543807,"53.37",,,,,,,,54,2,"4-Seam Fastball",1,6,6,1,6,1,6,1,"Infield shade","Standard",195,"0.001","-0.057","73.2","7.1",,,"0.057","88.0",-5,5,0.035,0.965,30,31,30,32,1,3,,1,2,1,"1.3","0.09","0.09","58.3",-1.8309194380753262,3.010512414641937,31.22127420120468,43.502072938106245,26.52263104830232
"SL","2024-06-01","84.3","-1.79","6.39","Joe, Connor",656582,621114,,"foul",,,,,6,,"R","R","R","TOR","PIT","S",,,0,0,2024,"0.44","-0.05",0.27644297417182995,2.1023300762458836,,,,1,7,"Top",,,,,,,3.9986176168128598,-122.84782419066673,-3.638887208664432,3.816292144296315,20.23036035232815,-32.2734498627944,3.22,1.53,5,"90.8",-25,"86",2450,"6.9",744932,672386,665489,624415,643396,666182,676914,662139,543807,"53.6",,,,,,,,54,1,"Slider",1,6,6,1,6,1,6,1,"Infield shade","Standard",89,"0","-0.037","70.6","7.7",,,"0.037","90.8",-5,5,0.035,0.965,30,31,30,32,1,3,,1,2,1,"3.21","-0.44","-0.44","60.2",13.703469091541265,-11.046854738649202,33.49163338166938,36.69696148849847,40.48102339367061
"SI","2024-06-01","94.9","-1.94","5.67","Guerrero Jr., Vladimir",665489,656605,,"blocked_ball",,,,,14,,"R","R","R","TOR","PIT","B",,,2,1,2024,"-1.29","0.63",0.9519673759576861,0.6879110411579754,662139,,,1,1,"Bot",,,,,,,10.431426559993806,-137.62901827808943,-8.774576763156821,-18.688082814498124,28.249573886600643,-22.374221878270834,3.67547860162071,1.66240477661014,,,,"94.9",2437,"6.3",744932,518735,656582,669707,663647,693304,668804,572191,658668,"54.17",,,,,,,,9,4,"Sinker",0,3,0,3,3,0,0,3,"Infield shade","Standard",225,"0.007","0.084",,,,,"-0.084",,-3,-3,0.308,0.308,28,25,28,25,1,0,7,1,6,1,"1.9","1.29","1.29","36.1",,,,,
"CU","2024-06-01","80.9","2.1","5.77","Hayes, Ke'Bryan",663647,579328,,"called_strike",,,,,8,,"R","R","L","TOR","PIT","S",,,0,0,2024,"-0.26","-0.77",0.1959076293837757,1.6629529101914313,,656582,,2,1,"Top",,,,,,,-3.796963795469962,-117.86188215061621,-1.080145430180882,-1.7552504975967633,21.43148410196433,-39.4259964299801,3.26223162930878,1.53533631540962,,,,"81.9",2492,"6.8",744932,672386,665489,624415,643396,666182,676914,662139,543807,"53.71",,,,,,,,5,1,"Curveball",0,1,1,0,1,0,1,0,"Standard","Standard",321,"0.004","-0.04",,,,,"0.04",,-1,1,0.418,0.582,33,27,33,27,1,0,6,1,5,1,"4.24","-0.26","0.26","53.3",,,,,
"FF","2024-06-01","97.6","-1.42","5.11","Schneider, Davis",676914,682847,,"ball",,,,,14,,"R","R","R","TOR","PIT","B",,,0,2,2024,"-0.92","1",1.210599331697372,1.450363824301465,,,,0,8,"Bot",,,,,,,9.20095641072493,-141.77006826328093,-6.6166995935358415,-14.506058984930826,32.741762686873116,-17.37244861506279,3.01512303412153,1.46248563091558,,,,"97.7",2317,"6.4",744932,518735,642133,669707,663647,693304,668804,572191,656582,"54.06",,,,,,,,62,4,"4-Seam Fastball",1,6,1,6,6,1,1,6,"Standard","Standard",231,"0.001","0.023",,,,,"-0.023",,-5,-5,0.018,0.018,25,25,25,25,1,3,3,1,7,1,"1.41","0.92","0.92","20.3",,,,,
"FF","2024-06-01","97.4","-1.6","5.08","Schneider, Davis",676914,682847,,"foul",,,,,3,,"R","R","R","TOR","PIT","S",,,0,2,2024,"-0.91","1.15",0.5081042327537246,2.759468235425036,,,,0,8,"Bot",,,,,,,7.7795578103683125,-141.63776235717538,-3.34791971358373,-14.08044852712839,32.83207510014065,-16.07986106569526,3.08,1.49,198,"84.4",67,"97.6",2187,"6.4",744932,518735,642133,669707,663647,693304,668804,572191,656582,"54.06",,,,,,,,62,3,"4-Seam Fastball",1,6,1,6,6,1,1,6,"Standard","Standard",141,"0","0","66.6","6.8",,,"0","88.0",-5,-5,0.018,0.018,25,25,25,25,1,3,3,1,7,1,"1.26","0.91","0.91","23.0",20.86019298974743,9.818380791416823,30.89696426115402,41.103808907955425,26.609631998594335
"FF","2024-06-01","96.4","2.63","5.4","Olivares, Edward",658668,579328,"sac_fly","hit_into_play",,,,,12,"Edward Olivares out on a sacrifice fly to right fielder George Springer. Andrew McCutchen scores.","R","R","L","TOR","PIT","X",9,"fly_ball",0,1,2024,"0.64","1.31",0.8988469671230992,3.1645579403181325,457705,656582,,1,1,"Top",166.97,89.12,,,,,-6.12772730777606,-140.2922934061402,-3.400687768364635,9.8454164901602,30.695592173299374,-14.22232637548999,3.71,1.76,292,"88.5",41,"97.6",2216,"6.9",744932,672386,665489,624415,643396,666182,676914,662139,543807,"53.64",,0.012,"0",1,0,0,3,4,2,"4-Seam Fastball",0,0,0,0,1,0,1,0,"Standard","Standard",148,"-0.009","-0.177","68.3","7.3",,,"0.177","88.5",0,0,0.427,0.573,33,28,33,28,1,0,6,1,5,3,"1.13","0.64","-0.64","39.2",7.646019576885512,2.9903369843023055,22.043012432512622,46.37786808812567,23.936544596569874
"FC","2024-06-01","92.1","-1.83","5.93","Guerrero Jr., Vladimir",665489,656605,,"ball",,,,,3,,"R","R","R","TOR","PIT","B",,,1,1,2024,"0.34","0.6",0.7335880067217481,3.6474002090720727,662139,,,1,1,"Bot",,,,,,,5.772861655106378,-134.22797613986154,-1.3430864769388209,3.007317193293985,25.26814252711283,-24.81965322815882,3.6611496745586,1.656681492323,,,,"92.6",2610,"6.2",744932,518735,656582,669707,663647,693304,668804,572191,658668,"54.3",,,,,,,,9,3,"Cutter",0,3,0,3,3,0,0,3,"Standard","Standard",163,"0.005","0.02",,,,,"-0.02",,-3,-3,0.303,0.303,28,25,28,25,1,0,7,1,6,1,"2.05","-0.34","-0.34","39.1",,,,,
"SL","2024-06-01","84.9","-1.63","6.33","Reynolds, Bryan",668804,621114,"field_out","hit_into_play",,,,,7,"Bryan Reynolds grounds out, third baseman Isiah Kiner-Falefa to first baseman Vladimir Guerrero Jr.","R","L","R","TOR","PIT","X",5,"ground_ball",1,2,2024,"0.38","-0.05",-0.33341285607009646,1.4331098483785367,,,,0,7,"Top",111.78,167.22,,,,,2.309745284005234,-123.81244122367696,-5.269394387958325,3.627294030753363,20.30204653400537,-32.008321069849046,3.1,1.48,2,"57.2",-31,"87.4",2423,"7.4",744932,672386,665489,624415,643396,666182,676914,662139,543807,"53.13",0.094,0.085,"0",1,0,0,1,53,4,"Slider",1,6,6,1,6,1,6,1,"Infield shade","Standard",102,"0.002","-0.186","36.6","5.9",,0.116,"0.186","88.0",-5,5,0.033,0.967,30,29,30,29,1,3,,1,2,1,"3.15","-0.38","0.38","55.6",-14.790024689111771,25.56680938990572,45.76489629233613,37.82717465510299,10.108116158657293
"FF","2024-06-01","96.9","2.57","5.45","Olivares, Edward",658668,579328,,"swinging_strike",,,,,8,,"R","R","L","TOR","PIT","S",,,0,0,2024,"0.67","1.44",0.02457330069485031,2.1687449889516808,457705,656582,,1,1,"Top",,,,,,,-8.418179861607836,-140.858831103145,-6.629492712093417,10.70747916071295,28.142579860492038,-11.572306590109546,3.71,1.76,,,,"98.4",2326,"6.9",744932,672386,665489,624415,643396,666182,676914,662139,543807,"53.61",,,,,,,,4,1,"4-Seam Fastball",0,0,0,0,0,0,0,0,"Standard","Standard",149,"0.012","-0.054","75.3","6.8","0.827404212",,"0.054",,0,0,0.415,0.585,33,28,33,28,1,0,6,1,5,3,"0.96","0.67","-0.67","41.3",-6.732861600539613,18.186201492273362,37.27137197640762,36.435501720796374,17.859781076956942
"SL","2024-06-01","85.9","-1.78","5.19","Schneider, Davis",676914,682847,,"called_strike",,,,,1,,"R","R","R","TOR","PIT","S",,,0,1,2024,"0.74","-0.21",-0.4779888816148712,2.979921289509179,,,,0,8,"Bot",,,,,,,1.5904239728908816,-125.20448706336549,1.35661107048884,7.6003196596769325,22.67636244335269,-34.81329881074804,2.97830137369742,1.49255447647552,,,,"86.5",2540,"6.4",744932,518735,642133,669707,663647,693304,668804,572191,656582,"54.13",,,,,,,,62,2,"Slider",1,6,1,6,6,1,1,6,"Standard","Standard",109,"-0.003","-0.054",,,,,"0.054",,-5,-5,0.021,0.021,25,25,25,25,1,3,3,1,7,1,"3.26","-0.74","-0.74","25.6",,,,,
"SI","2024-06-01","94.3","-2.13","5.7","Guerrero Jr., Vladimir",665489,656605,,"called_strike",,,,,7,,"R","R","R","TOR","PIT","S",,,1,0,2024,"-1.5","0.7",-0.6042291059954041,1.5812167969897217,662139,,,1,1,"Bot",,,,,,,7.318463029407879,-137.03947353453856,-6.590600999820993,-20.50287874378787,28.644451677294235,-22.079069956011192,3.64201096700725,1.66378415267329,,,,"94.7",2491,"6.5",744932,518735,656582,669707,663647,693304,668804,572191,658668,"54.04",,,,,,,,9,2,"Sinker",0,3,0,3,3,0,0,3,"Standard","Standard",223,"-0.005","-0.062",,,,,"0.062",,-3,-3,0.308,0.308,28,25,28,25,1,0,7,1,6,1,"1.86","1.5","1.5","33.3",,,,,
"FF","2024-06-01","91.5","-1.76","6.46","Reynolds, Bryan",668804,621114,,"foul",,,,,5,,"R","L","R","TOR","PIT","S",,,1,1,2024,"-0.2","1.33",-0.22363684911531004,2.462110028457011,,,,0,7,"Top",,,,,,,4.419934191715797,-133.1562842030781,-7.284431891794186,-3.3337894314906253,26.69488619940886,-14.942468735758077,3.1,1.48,5,"71.1",-25,"93.7",2122,"7.4",744932,672386,665489,624415,643396,666182,676914,662139,543807,"53.06",,,,,,,,53,3,"4-Seam Fastball",1,6,6,1,6,1,6,1,"Standard","Standard",189,"0.001","-0.056","72.1","6.9",,,"0.056","88.0",-5,5,0.032,0.968,30,29,30,29,1,3,,1,2,1,"1.37","0.2","-0.2","56.6",18.122841323376978,-5.16741999954417,36.60918186122658,37.45806150664374,34.21839762573589
"SI","2024-06-01","95.2","-1.78","5.62","Grandal, Yasmani",518735,647315,"field_out","hit_into_play",,,,,4,"Yasmani Grandal grounds out, second baseman Cavan Biggio to first baseman Vladimir Guerrero Jr.","R","L","R","TOR","PIT","X",4,"ground_ball",3,2,2024,"-1.07","0.6",-0.6278103794210999,2.2590342030881896,,,,2,8,"Top",150.97,153.14,,,,,5.453433112097805,-138.4654575742367,-4.5181828146904115,-15.028023657692177,31.943513347097383,-23.602986480136277,3.22,1.49,38,"103.2",-2,"95.4",2214,"6.5",744932,672386,665489,624415,643396,666182,676914,662139,543807,"54",0.429,0.392,"0",1,0,0,4,61,6,"Sinker",1,6,6,1,6,1,6,1,"Infield shade","Standard",223,"0.001","-0.325","71.8","7.6",,0.47,"0.325","103.2",-5,5,0.021,0.979,27,35,28,36,1,3,3,1,3,1,"1.92","1.07","-1.07","33.3",9.21447163424912,-3.863450009565752,23.281021251370714,41.736741439116486,34.48797726540262
"SL","2024-06-01","85.2","-1.83","6.35","Reynolds, Bryan",668804,621114,,"called_strike",,,,,4,,"R","L","R","TOR","PIT","S",,,1,0,2024,"0.38","-0.12",-0.33312686744332043,2.059047453415103,,,,0,7,"Top",,,,,,,2.7770441954391245,-124.14044676784546,-3.6636382008026374,3.5035821606993864,22.355446889323947,-32.953120438543024,3.02020891442029,1.50035667382001,,,,"86.9",2489,"7.1",744932,672386,665489,624415,643396,666182,676914,662139,543807,"53.42",,,,,,,,53,2,"Slider",1,6,6,1,6,1,6,1,"Standard","Standard",134,"0","-0.049",,,,,"0.049",,-5,5,0.032,0.968,30,29,30,29,1,3,,1,2,1,"3.23","-0.38","0.38","55.9",,,,,
"SI","2024-06-01","95.6","-1.84","5.54","Grandal, Yasmani",518735,647315,,"swinging_strike",,,,,5,,"R","L","R","TOR","PIT","S",,,3,1,2024,"-0.99","0.12",-0.18270338973379263,2.032382953803702,,,,2,8,"Top",,,,,,,6.630037323313657,-138.9961586230521,-3.885485093820052,-14.360108448336199,31.49461684412739,-29.88761265398892,3.22,1.49,,,,"95.8",2262,"6.5",744932,672386,665489,624415,643396,666182,676914,662139,543807,"54.01",,,,,,,,61,5,"Sinker",1,6,6,1,6,1,6,1,"Infield shade","Standard",228,"0","-0.089","75.8","7.4","0.380969436",,"0.089",,-5,5,0.021,0.979,27,35,28,36,1,3,3,1,3,1,"2.38","0.99","-0.99","31.5",8.053223035314755,4.417697592658222,25.11053137592868,38.73283112969209,30.039280636132002
"CU","2024-06-01","80.4","2.04","5.67","Joe, Connor",656582,579328,"double","hit_into_play",,,,,4,"Connor Joe doubles (14) on a sharp line drive to left fielder Davis Schneider. Andrew McCutchen to 3rd.","R","R","L","TOR","PIT","X",7,"line_drive",1,0,2024,"-0.3","-0.52",-0.4584968848638551,2.12832399248741,,,457705,1,1,"Top",26.15,97.53,,,,,-5.0253077897667335,-117.16287614503263,-0.28077142091418494,-1.9853218164128081,19.056186294633925,-37.14981122067754,3.22,1.53,285,"106",19,"81.7",2385,"6.8",744932,672386,665489,624415,643396,666182,676914,662139,543807,"53.73",0.516,0.8315749999999997,"1.25",1,1,1,6,3,2,"Curveball",0,0,0,0,0,0,0,0,"Standard","Standard",314,"-0.079","0.775","74.5","7.5",,1.527,"-0.775","106.0",0,0,0.494,0.506,33,31,33,32,1,0,6,1,5,1,"4","-0.3","0.3","53.2",12.275883454734553,-18.911643965910997,35.74331137213791,29.924458175354303,42.327172416104816
"FC","2024-06-01","90.2","-1.68","4.99","Schneider, Davis",676914,682847,,"called_strike",,,,,12,,"R","R","R","TOR","PIT","S",,,0,0,2024,"-0.11","0.69",0.2871331750150745,3.2585093774422726,,,,0,8,"Bot",,,,,,,5.151511768235303,-131.51426893195918,0.06509104155729573,-2.2739581260684365,23.735941239001747,-24.228378351747004,3.06343494566015,1.44945495572984,,,,"91.2",2378,"6.5",744932,518735,642133,669707,663647,693304,668804,572191,656582,"54.05",,,,,,,,62,1,"Cutter",1,6,1,6,6,1,1,6,"Standard","Standard",201,"-0.001","-0.037",,,,,"0.037",,-5,-5,0.022,0.022,25,25,25,25,1,3,3,1,7,1,"2.06","0.11","0.11","21.2",,,,,
"SI","2024-06-01","94.3","-2.07","5.69","Guerrero Jr., Vladimir",665489,656605,,"ball",,,,,14,,"R","R","R","TOR","PIT","B",,,0,0,2024,"-1.34","0.64",0.42934772249476616,1.1971655501252876,662139,,,1,1,"Bot",,,,,,,9.466277391077423,-136.9343752712153,-7.442842137161426,-18.86583775369305,26.96409579330712,-22.690426719732223,3.71268191406874,1.66495368452027,,,,"94.7",2470,"6.4",744932,518735,656582,669707,663647,693304,668804,572191,658668,"54.12",,,,,,,,9,1,"Sinker",0,3,0,3,3,0,0,3,"Infield shade","Standard",221,"0.002","0.038",,,,,"-0.038",,-3,-3,0.306,0.306,28,25,28,25,1,0,7,1,6,1,"1.91","1.34","1.34","33.3",,,,,
"CU","2024-06-01","79.4","-1.82","5.89","Varsho, Daulton",662139,656605,"triple","hit_into_play",,,,,8,"Daulton Varsho triples (2) on a fly ball to right fielder Edward Olivares.","R","L","R","TOR","PIT","X",9,"fly_ball",0,2,2024,"1.11","-0.99",0.01521299834249279,1.6390466072647802,,,,1,1,"Bot",193.47,91.95,,,,,1.9482999971729709,-115.66650403870601,-0.6730704009069629,9.59032735880223,22.426967925570914,-41.16144260261407,3.16,1.4,347,"93.1",34,"79.6",2759,"6.5",744932,518735,656582,669707,663647,693304,668804,572191,658668,"54.03",0.055,0.079,"1.6",1,1,2,3,8,3,"Curveball",0,3,0,3,3,0,0,3,"Standard","Standard",36,"0.066","1.181","74.5","8.4",,0.154,"-1.181","93.1",-3,-3,0.24,0.24,28,27,28,28,1,0,7,3,6,1,"4.61","-1.11","1.11","42.5",21.54043845703723,-14.418834170953199,37.79966807407405,33.64622394749193,35.847332087385595
"SL","2024-06-01","84","-1.72","6.27","Reynolds, Bryan",668804,621114,,"ball",,,,,14,,"R","L","R","TOR","PIT","B",,,0,0,2024,"0.54","-0.23",0.2809483090149732,-0.08662134071460992,,,,0,7,"Top",,,,,,,3.621874899085413,-122.18629313609323,-8.022908136659325,4.805133162561798,21.917888432581876,-33.28422364792561,3.01745191794543,1.43563456916092,,,,"85.6",2530,"7.1",744932,672386,665489,624415,643396,666182,676914,662139,543807,"53.36",,,,,,,,53,1,"Slider",1,6,6,1,6,1,6,1,"Standard","Standard",79,"0","0.038",,,,,"-0.038",,-5,5,0.032,0.968,30,29,30,29,1,3,,1,2,1,"3.44","-0.54","0.54","56.5",,,,,
"FF","2024-06-01","97.8","-1.61","5.18","Biggio, Cavan",624415,682847,"strikeout","called_strike",,,,,6,"Cavan Biggio called out on strikes.","R","L","R","TOR","PIT","S",2,,1,2,2024,"-0.9","1.21",0.6546512331930775,2.8101429495696113,,,,2,7,"Bot",,,,,,,8.1580677072309,-142.2975708610951,-3.683994951264536,-14.071352027859291,31.847312844950668,-15.12171892798742,3.37082820922317,1.59676771396008,,,,"97.7",2197,"6.2",744932,518735,656582,669707,663647,693304,668804,572191,658668,"54.31",,0,"0",1,0,0,,58,4,"4-Seam Fastball",1,6,1,6,6,1,1,6,"Infield shade","Standard",230,"-0.002","-0.18",,,,,"0.18",,-5,-5,0.02,0.02,25,29,25,29,1,2,3,1,7,11,"1.17","0.9","-0.9","21.5",,,,,
"FF","2024-06-01","95.7","2.54","5.4","Joe, Connor",656582,579328,,"ball",,,,,12,,"R","R","L","TOR","PIT","B",,,0,0,2024,"0.6","1.42",1.1266248869445228,2.512081330541243,,,457705,1,1,"Top",,,,,,,-5.126514871087094,-139.29828526583802,-5.30070105652685,8.873098349786483,29.34374545440103,-12.676002356323119,3.16327285100378,1.50270089048696,,,,"96.9",2291,"6.8",744932,672386,665489,624415,643396,666182,676914,662139,543807,"53.68",,,,,,,,3,1,"4-Seam Fastball",0,0,0,0,0,0,0,0,"Standard","Standard",155,"-0.004","0.036",,,,,"-0.036",,0,0,0.498,0.502,33,31,33,32,1,0,6,1,5,1,"1.06","0.6","-0.6","40.2",,,,,
"FC","2024-06-01","92.2","-1.88","5.56","Grandal, Yasmani",518735,647315,,"ball",,,,,14,,"R","L","R","TOR","PIT","B",,,2,1,2024,"0.39","0.49",1.5489245342218385,2.1088750166840264,,,,2,8,"Top",,,,,,,7.877253045064948,-134.0382722639863,-4.001984622725597,2.980607032466836,29.15478214812164,-25.565411546982396,3.13876849761414,1.48670781023761,,,,"92.4",2367,"6.5",744932,672386,665489,624415,643396,666182,676914,662139,543807,"54.01",,,,,,,,61,4,"Cutter",1,6,6,1,6,1,6,1,"Infield shade","Standard",204,"0","0.112",,,,,"-0.112",,-5,5,0.021,0.979,27,35,28,36,1,3,3,1,3,1,"2.2","-0.39","0.39","33.5",,,,,
"FF","2024-06-01","96","2.59","5.38","Reynolds, Bryan",668804,579328,"strikeout","called_strike",,,,,4,"Bryan Reynolds called out on strikes.","R","R","L","TOR","PIT","S",2,,1,2,2024,"0.5","1.4",-0.41546315836725767,2.5069885596334984,,,457705,0,1,"Top",,,,,,,-9.180596534153844,-139.5195209907575,-5.264106885366377,8.481008942534924,28.609425675142894,-12.777320353896917,3.10220972758476,1.52177096555725,,,,"97.4",2138,"6.9",744932,672386,665489,624415,643396,666182,676914,662139,543807,"53.55",,0,"0",1,0,0,,2,4,"4-Seam Fastball",0,0,0,0,0,0,0,0,"Standard","Standard",188,"0.024","-0.184",,,,,"0.184",,0,0,0.474,0.526,33,29,33,29,1,0,6,1,5,1,"1.06","0.5","-0.5","35.7",,,,,
"FC","2024-06-01","91.9","-1.93","5.57","Grandal, Yasmani",518735,647315,,"ball",,,,,12,,"R","L","R","TOR","PIT","B",,,1,1,2024,"0.45","0.41",1.0321547332789902,2.817812538485996,,,,2,8,"Top",,,,,,,6.5473991673825775,-133.7513637691923,-2.0360116181004426,4.112932135358884,27.24310891161414,-27.051223025598432,3.0327983648173,1.40245046030597,,,,"92.4",2282,"6.4",744932,672386,665489,624415,643396,666182,676914,662139,543807,"54.07",,,,,,,,61,3,"Cutter",1,6,6,1,6,1,6,1,"Infield shade","Standard",190,"0","0.058",,,,,"-0.058",,-5,5,0.021,0.979,27,35,28,36,1,3,3,1,3,1,"2.28","-0.45","0.45","30.8",,,,,
"SL","2024-06-01","86","-1.63","6.45","McCutchen, Andrew",457705,621114,"field_out","hit_into_play",,,,,6,"Andrew McCutchen lines out to third baseman Isiah Kiner-Falefa.","R","R","R","TOR","PIT","X",5,"line_drive",0,2,2024,"0.6","-0.26",0.28851217174805494,2.664910610671966,693304,,669707,2,6,"Top",103.06,166.49,,,,,3.3769414067285983,-125.45440233057148,-2.3517671763419523,5.874769636418583,20.688496653473837,-34.78318672719116,3.45,1.67,139,"99.4",8,"87.7",2501,"6.8",744932,672386,665489,624415,643396,666182,676914,662139,543807,"53.71",0.608,0.547,"0",1,0,0,4,47,3,"Slider",0,6,6,0,6,0,6,0,"Infield shade","Standard",98,"0.003","-0.171","76.4","8.1",,0.667,"0.171","99.4",-6,6,0.029,0.971,30,37,30,38,1,3,,1,2,1,"3.28","-0.6","-0.6","57.3",18.015786504561287,-9.695037092721957,27.935977345680946,40.37852387405319,34.69069328071255
"SI","2024-06-01","94.8","2.01","5.87","Joe, Connor",656582,663893,"field_out","hit_into_play",,,,,8,"Connor Joe grounds out, shortstop Bo Bichette to first baseman Vladimir Guerrero Jr.","R","R","L","TOR","PIT","X",6,"ground_ball",0,0,2024,"1.39","0.13",-0.26518562492218734,1.8126244384683745,,,,2,9,"Top",111.8,136.44,,,,,-8.933151789931456,-137.75483816968693,-5.191950529968229,19.598370340734288,28.78840048907069,-29.591407952868405,3.22,1.53,6,"106.4",-15,"94",2084,"5.8",744932,672386,665489,624415,643396,666182,676914,662139,543807,"54.75",0.237,0.223,"0",1,0,0,2,69,1,"Sinker",1,8,8,1,8,1,8,1,"Infield shade","Standard",112,"0","-0.256","76.4","6.7",,0.237,"0.256","106.4",-7,7,0.001,0.999,27,31,28,32,1,4,28,1,2,1,"2.4","1.39","-1.39","32.1",-3.5234911089425163,7.04077907189159,39.5993648302288,33.42142597311493,26.876663951825023
"FF","2024-06-01","96.6","-1.65","5.04","Biggio, Cavan",624415,682847,,"ball",,,,,13,,"R","L","R","TOR","PIT","B",,,0,2,2024,"-1.09","0.96",-1.198465792045623,1.5745569394949817,,,,2,7,"Bot",,,,,,,3.7087971671465394,-140.54600401170197,-5.8692471889895295,-15.339414475229495,31.836995225991917,-18.264882397751812,3.40506715356354,1.59675758347237,,,,"96.7",2169,"6.4",744932,518735,656582,669707,663647,693304,668804,572191,658668,"54.14",,,,,,,,58,3,"4-Seam Fastball",1,6,1,6,6,1,1,6,"Infield shade","Standard",238,"0","0.023",,,,,"-0.023",,-5,-5,0.02,0.02,25,29,25,29,1,2,3,1,7,11,"1.48","1.09","-1.09","21.4",,,,,
"FC","2024-06-01","92.5","-1.94","5.81","Varsho, Daulton",662139,656605,,"foul",,,,,14,,"R","L","R","TOR","PIT","S",,,0,1,2024,"-0.1","0.89",0.9564973666902753,2.0557564899012943,,,,1,1,"Bot",,,,,,,7.611935632814507,-134.6004528877114,-5.77539552048343,-2.739485674422122,26.1206376405378,-20.239909840535127,3.16,1.4,7,"57.9",-15,"93",2444,"6.4",744932,518735,656582,669707,663647,693304,668804,572191,658668,"54.14",,,,,,,,8,2,"Cutter",0,3,0,3,3,0,0,3,"Standard","Standard",199,"-0.004","-0.057","70.2","7.5",,,"0.057","88.0",-3,-3,0.244,0.244,28,27,28,28,1,0,7,3,6,1,"1.75","0.1","-0.1","36.3",14.339202963040874,-3.9394212477331756,47.59388427271529,21.236426260438485,26.203615042409627
"SI","2024-06-01","95.8","-1.7","5.67","Grandal, Yasmani",518735,647315,,"swinging_strike",,,,,13,,"R","L","R","TOR","PIT","S",,,1,0,2024,"-1.21","0.22",-1.2343367314979783,1.1792884464459843,,,,2,8,"Top",,,,,,,3.965626822131441,-139.2993397132507,-6.692190021096349,-16.587413742676482,34.40206217204765,-27.91606945948089,3.22,1.49,,,,"95.4",2296,"6.3",744932,672386,665489,624415,643396,666182,676914,662139,543807,"54.19",,,,,,,,61,2,"Sinker",1,6,6,1,6,1,6,1,"Infield shade","Standard",226,"0","-0.051","71.9","8.2","3.010817796",,"0.051",,-5,5,0.021,0.979,27,35,28,36,1,3,3,1,3,1,"2.29","1.21","-1.21","32.1",10.679804744472957,5.475250031863879,28.701835772229348,50.99779044619614,25.706558002169874
"FF","2024-06-01","94.1","-1.58","6.41","McCutchen, Andrew",457705,621114,,"swinging_strike",,,,,3,,"R","R","R","TOR","PIT","S",,,0,1,2024,"0.02","1.22",0.5760158387000216,3.177159589791974,693304,,669707,2,6,"Top",,,,,,,5.620442538563636,-136.9916559353238,-5.537889383568451,-0.8018341003510909,26.797096174738197,-15.733175844255772,3.45,1.67,,,,"96",2092,"7.1",744932,672386,665489,624415,643396,666182,676914,662139,543807,"53.4",,,,,,,,47,2,"4-Seam Fastball",0,6,6,0,6,0,6,0,"Standard","Standard",192,"0.001","-0.082","70.5","6.3","1.575218244",,"0.082",,-6,6,0.028,0.972,30,37,30,38,1,3,,1,2,1,"1.33","-0.02","-0.02","59.3",-4.618199992277528,39.57190328891929,35.144075138022785,44.91568707427646,2.8037125454364826
"FC","2024-06-01","92.9","1.91","6.09","Reynolds, Bryan",668804,663893,"home_run","hit_into_play",,,,,4,"Bryan Reynolds homers (8) on a fly ball to center field. Andrew McCutchen scores.","R","R","L","TOR","PIT","X",,"fly_ball",1,1,2024,"0.1","0.66",-0.5179372675284531,2.5151588827691844,,,457705,2,9,"Top",146.73,26.4,,,,,-6.388409480136421,-135.1827666155972,-4.838446410902991,2.5165864920253225,26.16268090499113,-23.294045227191347,3.1,1.48,440,"109.3",27,"92.6",2357,"5.9",744932,672386,665489,624415,643396,666182,676914,662139,543807,"54.65",1,2,"2",1,0,3,6,68,3,"Cutter",1,6,6,1,8,1,8,1,"Standard","Standard",137,"-0.006","2.237","83.5","7.0",,4,"-2.237","109.3",-5,5,0.007,0.993,27,29,28,29,1,4,28,1,2,1,"1.96","0.1","-0.1","34.5",17.63964230564054,4.079755371687734,38.213590426995154,32.50476095153242,28.538050780417173
"FF","2024-06-01","95.6","-1.92","5.78","Varsho, Daulton",662139,656605,,"called_strike",,,,,12,,"R","L","R","TOR","PIT","S",,,0,0,2024,"-0.8","1.33",0.31809719861295516,3.2868140819459906,,,,1,1,"Bot",,,,,,,7.7129039738364185,-139.14569750471344,-4.03121257155227,-11.971538812038625,27.273274289297692,-14.074053734827478,3.09722631281367,1.40191368266947,,,,"96.3",2443,"6.4",744932,518735,656582,669707,663647,693304,668804,572191,658668,"54.11",,,,,,,,8,1,"4-Seam Fastball",0,3,0,3,3,0,0,3,"Standard","Standard",217,"-0.002","-0.037",,,,,"0.037",,-3,-3,0.246,0.246,28,27,28,28,1,0,7,3,6,1,"1.14","0.8","-0.8","36.5",,,,,
"CU","2024-06-01","78.7","2.05","5.72","Reynolds, Bryan",668804,579328,,"called_strike",,,,,2,,"R","R","L","TOR","PIT","S",,,1,1,2024,"-0.47","-0.91",0.030773529061349225,3.2194510696740166,,,457705,0,1,"Top",,,,,,,-3.5402579578674884,-114.5725831347985,3.0643639752811556,-3.5657228203261226,19.764440582506943,-40.97092087106877,3.18153846647284,1.52270282222244,,,,"79.5",2471,"6.7",744932,672386,665489,624415,643396,666182,676914,662139,543807,"53.81",,,,,,,,2,3,"Curveball",0,0,0,0,0,0,0,0,"Standard","Standard",312,"0.008","-0.049",,,,,"0.049",,0,0,0.466,0.534,33,29,33,29,1,0,6,1,5,1,"4.57","-0.47","0.47","52.7",,,,,
"FC","2024-06-01","92","-1.7","5.03","Biggio, Cavan",624415,682847,,"foul",,,,,6,,"R","L","R","TOR","PIT","S",,,0,1,2024,"0.08","0.62",0.42458694131686475,2.548830846235678,,,,2,7,"Bot",,,,,,,5.256301367675633,-133.94205024491453,-1.8403622524712961,-0.1519497016345168,27.09151460584151,-24.548680188666243,3.4,1.6,10,"90.5",-13,"92.6",2424,"6.5",744932,518735,656582,669707,663647,693304,668804,572191,658668,"54.03",,,,,,,,58,2,"Cutter",1,6,1,6,6,1,1,6,"Standard","Standard",195,"-0.001","-0.058","70.4","6.8",,,"0.058","90.5",-5,-5,0.021,0.021,25,29,25,29,1,2,3,1,7,11,"2.06","-0.08","0.08","21.7",14.9372560074687,-13.139959736861387,40.15300966469446,26.891023034942716,29.96461026664344
"SL","2024-06-01","83.2","-2.11","5.5","Grandal, Yasmani",518735,647315,,"ball",,,,,13,,"R","L","R","TOR","PIT","B",,,0,0,2024,"0.83","-0.55",-0.14360061546339364,1.2101226729473673,,,,2,8,"Top",,,,,,,2.9011420333793243,-121.18563775061446,-2.3723528679969728,7.70972251346343,22.188020933693206,-37.37054161829374,3.06922108788531,1.43839864832019,,,,"83.9",2678,"6.5",744932,672386,665489,624415,643396,666182,676914,662139,543807,"53.97",,,,,,,,61,1,"Slider",1,6,6,1,6,1,6,1,"Infield shade","Standard",72,"0","0.04",,,,,"-0.04",,-5,5,0.021,0.979,27,35,28,36,1,3,3,1,3,1,"3.82","-0.83","0.83","28.8",,,,,
"FF","2024-06-01","94.8","2.43","5.51","Reynolds, Bryan",668804,579328,,"ball",,,,,3,,"R","R","L","TOR","PIT","B",,,0,1,2024,"0.34","1.68",0.5049392882421704,3.2438423638664093,,,457705,0,1,"Top",,,,,,,-5.832349537084732,-137.91657373445221,-4.019907014091925,5.637348650235639,31.508786519425026,-10.082161984186174,3.17180330868321,1.51274676898995,,,,"95.5",2776,"6.8",744932,672386,665489,624415,643396,666182,676914,662139,543807,"53.72",,,,,,,,2,2,"4-Seam Fastball",0,0,0,0,0,0,0,0,"Standard","Standard",234,"-0.003","0.034",,,,,"-0.034",,0,0,0.469,0.531,33,29,33,29,1,0,6,1,5,1,"0.86","0.34","-0.34","42.5",,,,,
"KC","2024-06-01","86.7","1.55","6.21","Reynolds, Bryan",668804,663893,,"ball",,,,,13,,"R","R","L","TOR","PIT","B",,,0,1,2024,"-0.25","-0.33",-2.1343740761778935,0.9110259211319409,,,457705,2,9,"Top",,,,,,,-8.220969103155149,-126.0597433129934,-5.78084919405598,-1.1384163835595638,24.18530992144319,-34.742043636075685,3.3217041906028,1.58846319563212,,,,"86.2",1965,"5.9",744932,672386,665489,624415,643396,666182,676914,662139,543807,"54.59",,,,,,,,68,2,"Knuckle Curve",1,6,6,1,6,1,6,1,"Standard","Standard",345,"0","0.032",,,,,"-0.032",,-5,5,0.007,0.993,27,29,28,29,1,4,28,1,2,1,"3.35","-0.25","0.25","46.2",,,,,
"FF","2024-06-01","94","-1.64","6.44","McCutchen, Andrew",457705,621114,,"called_strike",,,,,3,,"R","R","R","TOR","PIT","S",,,0,0,2024,"0.1","1.45",0.8021072954507587,3.302542340691886,693304,,669707,2,6,"Top",,,,,,,6.192813960418719,-136.77325734828753,-5.741501263676888,-0.06258569784342038,28.545882581639262,-12.813513869042307,3.41864790665024,1.61644555231878,,,,"95.3",2096,"6.9",744932,672386,665489,624415,643396,666182,676914,662139,543807,"53.6",,,,,,,,47,1,"4-Seam Fastball",0,6,6,0,6,0,6,0,"Standard","Standard",195,"0.001","-0.046",,,,,"0.046",,-6,6,0.027,0.973,30,37,30,38,1,3,,1,2,1,"1.11","-0.1","-0.1","56.2",,,,,
"FC","2024-06-01","92.7","-1.71","5.15","Biggio, Cavan",624415,682847,,"called_strike",,,,,1,,"R","L","R","TOR","PIT","S",,,0,0,2024,"-0.32","0.82",-0.7685891471504978,2.917515899356164,,,,2,7,"Bot",,,,,,,3.1161788359826863,-135.18731789615623,-1.7949291686143152,-4.611650918001807,25.916313379715223,-21.884718641942708,3.36497262400328,1.59679764020813,,,,"93.1",2372,"6.1",744932,518735,656582,669707,663647,693304,668804,572191,658668,"54.36",,,,,,,,58,1,"Cutter",1,6,1,6,6,1,1,6,"Standard","Standard",207,"0","-0.041",,,,,"0.041",,-5,-5,0.021,0.021,25,29,25,29,1,2,3,1,7,11,"1.8","0.32","-0.32","24.7",,,,,
"FF","2024-06-01","95.6","-1.97","5.79","Schneider, Davis",676914,656605,"field_out","hit_into_play",,,,,1,"Davis Schneider flies out to left fielder Bryan Reynolds.","R","R","R","TOR","PIT","X",7,"fly_ball",3,2,2024,"-0.9","1.32",-0.5754597717222807,2.7980810230705413,,,,0,1,"Bot",75.87,125.85,,,,,5.6994034909006865,-139.07834890713139,-5.264202044068734,-12.924857208263184,30.197329955694094,-14.045792059427512,3.08,1.49,222,"87.5",54,"95.8",2460,"6.3",744932,518735,656582,669707,663647,693304,668804,572191,658668,"54.17",0.011,0.01,"0",1,0,0,3,7,6,"4-Seam Fastball",0,3,0,3,3,0,0,3,"Infield shade","Standard",217,"-0.026","-0.333","71.6","6.7",,0.014,"0.333","88.0",-3,-3,0.272,0.272,28,25,28,25,1,0,7,1,6,1,"1.17","0.9","0.9","35.7",22.571702639943737,-13.266180636592544,33.91131892210287,26.51407282049759,32.255685222345114
"KC","2024-06-01","86.6","1.63","6.23","Reynolds, Bryan",668804,663893,,"swinging_strike",,,,,8,,"R","R","L","TOR","PIT","S",,,0,0,2024,"-0.24","-0.53",-0.21302896702621732,1.8252557794220996,,,457705,2,9,"Top",,,,,,,-3.870623471100716,-126.2768083192786,-3.319688023174147,-1.916606122376567,22.509095621797723,-37.53872123364388,3.1,1.48,,,,"86.5",2030,"5.8",744932,672386,665489,624415,643396,666182,676914,662139,543807,"54.69",,,,,,,,68,1,"Knuckle Curve",1,6,6,1,6,1,6,1,"Standard","Standard",339,"0","-0.047","78.3","7.6","1.008767232",,"0.047",,-5,5,0.007,0.993,27,29,28,29,1,4,28,1,2,1,"3.53","-0.24","0.24","48.8",15.813293293197102,-7.93507597382781,35.94587592024386,36.499860289376784,34.38397719542687
"SI","2024-06-01","94.6","-2.06","5.66","Schneider, Davis",676914,656605,,"foul",,,,,5,,"R","R","R","TOR","PIT","S",,,3,1,2024,"-1.19","0.62",-0.14421870627553157,2.129018519321671,,,,0,1,"Bot",,,,,,,7.655050720798358,-137.66937614545697,-4.961947931787554,-16.721949970675897,27.47281948196862,-23.451039246053423,3.08,1.49,3,"58.3",-39,"95.1",2513,"6.3",744932,518735,656582,669707,663647,693304,668804,572191,658668,"54.16",,,,,,,,7,5,"Sinker",0,3,0,3,3,0,0,3,"Infield shade","Standard",227,"-0.009","-0.085","73.1","6.8",,,"0.085","88.0",-3,-3,0.281,0.281,28,25,28,25,1,0,7,1,6,1,"1.91","1.19","1.19","34.0",16.103003948618845,4.641479868728431,32.492239283764995,32.101730925547045,25.93866028157604
"FF","2024-06-01","94.5","2.48","5.44","Reynolds, Bryan",668804,579328,,"called_strike",,,,,3,,"R","R","L","TOR","PIT","S",,,0,0,2024,"0.51","1.53",0.5842879941851594,2.797865961975945,,,457705,0,1,"Top",,,,,,,-6.157186442467556,-137.56480188894847,-4.691946563209193,7.842936012109257,28.802146337989168,-11.88543021018727,3.21119572759372,1.55228249333726,,,,"95.8",2301,"6.9",744932,672386,665489,624415,643396,666182,676914,662139,543807,"53.63",,,,,,,,2,1,"4-Seam Fastball",0,0,0,0,0,0,0,0,"Standard","Standard",224,"0.005","-0.042",,,,,"0.042",,0,0,0.464,0.536,33,29,33,29,1,0,6,1,5,1,"1.01","0.51","-0.51","41.7",,,,,
"SL","2024-06-01","85.6","-1.65","5.16","Kirk, Alejandro",672386,682847,"field_out","hit_into_play",,,,,9,"Alejandro Kirk grounds out, shortstop Nick Gonzales to first baseman Connor Joe.","R","R","R","TOR","PIT","X",6,"ground_ball",0,2,2024,"0.74","-0.13",0.6182857951274219,1.8288232321892242,,,,1,7,"Bot",113.82,150.11,,,,,3.900193112728868,-124.79268498667997,-1.3940176873154917,7.0169273566505,23.25748710557862,-33.46911409913392,3.1,1.45,9,"83.1",-11,"86.4",2554,"6.5",744932,518735,656582,669707,663647,693304,668804,572191,658668,"53.99",0.055,0.096,"0",1,0,0,2,57,3,"Slider",1,6,1,6,6,1,1,6,"Infield shade","Standard",69,"-0.004","-0.162","72.8","7.8",,0.055,"0.162","88.0",-5,-5,0.025,0.025,25,25,25,26,1,2,3,3,7,3,"3.21","-0.74","-0.74","28.9",13.62005821616275,0.891324994477191,24.549570207093602,49.3018944309354,30.558633292480287
"SL","2024-06-01","85.7","-1.82","6.45","Taylor, Michael A.",572191,621114,"strikeout","swinging_strike",,,,,9,"Michael A. Taylor strikes out swinging.","R","R","R","TOR","PIT","S",2,,0,2,2024,"0.38","-0.12",0.5085695905008278,1.6213133650771692,693304,,669707,1,6,"Top",,,,,,,4.750819483450931,-124.83375294091674,-5.021747199466993,3.1795478657632414,21.214597631751104,-32.80952930306833,3.55,1.63,,,,"86.6",2494,"6.5",744932,672386,665489,624415,643396,666182,676914,662139,543807,"54.03",,0,"0",1,0,0,,46,3,"Slider",0,6,6,0,6,0,6,0,"Strategic","Standard",85,"0.004","-0.251","64.3","8.0","1.045045164",,"0.251",,-6,6,0.023,0.977,30,33,30,33,1,2,,3,2,7,"3.18","-0.38","-0.38","54.8",27.397301426327353,-18.720192662102438,32.70600355275672,42.55618965481771,45.23920689596002
"FC","2024-06-01","92.7","-1.73","5.66","Gonzales, Nick",693304,647315,"field_out","hit_into_play",,,,,14,"Nick Gonzales flies out to right fielder George Springer.","R","R","R","TOR","PIT","X",9,"fly_ball",1,0,2024,"0.19","0.64",0.9039960926781587,1.7198652063407962,,,,1,8,"Top",178.97,137.79,,,,,6.334338281172189,-134.8399902009105,-5.727198056116611,1.0859767142960648,27.281955852305376,-23.34300787242747,3.39,1.55,202,"66.5",41,"93.3",2292,"6.5",744932,672386,665489,624415,643396,666182,676914,662139,543807,"53.97",0.471,0.455,"0",1,0,0,4,60,2,"Cutter",1,6,6,1,6,1,6,1,"Standard","Standard",199,"0.002","-0.295","69.0","8.0",,0.553,"0.295","88.0",-5,5,0.019,0.981,27,25,28,25,1,3,3,1,3,1,"2","-0.19","-0.19","35.0",14.265489864346872,-1.5697719858416572,36.31845334799591,47.868902340652525,33.633045341375166
"FC","2024-06-01","92.3","-1.69","5.01","Kirk, Alejandro",672386,682847,,"called_strike",,,,,9,,"R","R","R","TOR","PIT","S",,,0,1,2024,"-0.05","0.67",0.7700002601025232,1.7587300289296564,,,,1,7,"Bot",,,,,,,6.379266134354606,-134.2781816844041,-3.943451949298912,-1.882390319657034,27.73013403733575,-23.42950333299021,3.06997845077647,1.44361451998703,,,,"92.8",2424,"6.5",744932,518735,656582,669707,663647,693304,668804,572191,658668,"54.03",,,,,,,,57,2,"Cutter",1,6,1,6,6,1,1,6,"Infield shade","Standard",208,"-0.001","-0.057",,,,,"0.057",,-5,-5,0.026,0.026,25,25,25,26,1,2,3,3,7,3,"2","0.05","0.05","21.1",,,,,
"SL","2024-06-01","85.5","2.36","5.49","McCutchen, Andrew",457705,579328,"walk","ball",,,,,13,"Andrew McCutchen walks.","R","R","L","TOR","PIT","B",,,3,0,2024,"-0.17","0.22",-0.7345659279541151,1.3460295197692984,,,,0,1,"Top",,,,,,,-7.00555361483229,-124.4049983521041,-3.970838023037909,-0.3650935755460712,24.82491210838129,-29.280772855945628,3.36127372181445,1.59959037273581,,,,"86.3",2316,"6.8",744932,672386,665489,624415,643396,666182,676914,662139,543807,"53.71",,0.689131,"0.7",1,0,0,,1,4,"Slider",0,0,0,0,0,0,0,0,"Infield shade","Standard",256,"-0.014","0.197",,,,,"-0.197",,0,0,0.478,0.522,33,37,33,38,1,0,6,1,5,1,"2.9","-0.17","0.17","45.4",,,,,
"FC","2024-06-01","91.2","-1.93","5.86","Schneider, Davis",676914,656605,,"ball",,,,,14,,"R","R","R","TOR","PIT","B",,,2,1,2024,"0.41","0.67",1.1059485391918968,2.160292009682699,,,,0,1,"Bot",,,,,,,6.780450695087939,-132.7521632971618,-4.936036203725827,3.535566160772539,25.376365272998484,-23.390849339905998,3.06557886100934,1.49230743116022,,,,"91.8",2458,"6.4",744932,518735,656582,669707,663647,693304,668804,572191,658668,"54.12",,,,,,,,7,4,"Cutter",0,3,0,3,3,0,0,3,"Infield shade","Standard",183,"0.01","0.122",,,,,"-0.122",,-3,-3,0.271,0.271,28,25,28,25,1,0,7,1,6,1,"2.04","-0.41","-0.41","38.7",,,,,
"FC","2024-06-01","91.8","-1.64","5.58","Gonzales, Nick",693304,647315,,"ball",,,,,14,,"R","R","R","TOR","PIT","B",,,0,0,2024,"-0.01","0.72",1.2015077336307052,2.1868009869766567,,,,1,8,"Top",,,,,,,7.240162375697892,-133.5183149235357,-4.320617344048724,-1.6162930684826189,26.703177307502372,-22.880090089152706,3.34371416979979,1.43709664968089,,,,"92.3",2222,"6.4",744932,672386,665489,624415,643396,666182,676914,662139,543807,"54.06",,,,,,,,60,1,"Cutter",1,6,6,1,6,1,6,1,"Standard","Standard",207,"0","0.039",,,,,"-0.039",,-5,5,0.019,0.981,27,25,28,25,1,3,3,1,3,1,"1.98","0.01","0.01","34.1",,,,,
"KC","2024-06-01","86.4","1.56","6.22","McCutchen, Andrew",457705,663893,"force_out","hit_into_play",,,,,9,"Andrew McCutchen grounds into a force out, second baseman Cavan Biggio to shortstop Bo Bichette. Jared Triolo out at 2nd. Andrew McCutchen to 1st.","R","R","L","TOR","PIT","X",4,"ground_ball",0,1,2024,"-0.32","-0.44",0.8156399532445674,1.816975442048049,,,669707,1,9,"Top",146.73,158,,,,,-1.1209237674009433,-125.8959521308495,-3.388949353662591,-3.1697296724311834,24.19747450722227,-36.427341886284566,3.45,1.67,4,"82.9",-20,"85.8",1946,"5.7",744932,672386,665489,624415,643396,666182,676914,662139,543807,"54.82",0.067,0.066,"0",1,0,0,2,67,2,"Knuckle Curve",1,6,6,1,6,1,6,1,"Infield shade","Standard",340,"0.001","-0.273","73.6","7.3",,0.069,"0.273","88.0",-5,5,0.006,0.994,27,37,28,38,1,4,28,1,2,1,"3.47","-0.32","0.32","42.1",-4.0784359041942535,22.357743006524515,34.62393877090967,45.6004512388816,10.603304072860048
"SL","2024-06-01","85.2","-1.73","6.41","Taylor, Michael A.",572191,621114,,"called_strike",,,,,14,,"R","R","R","TOR","PIT","S",,,0,1,2024,"0.49","-0.2",0.2600971735135798,1.4139156474986345,693304,,669707,1,6,"Top",,,,,,,3.736205229196232,-124.08408264613784,-5.174626982118275,4.450859944127096,21.15709525407992,-33.53015913500397,3.63997139824322,1.60938893406571,,,,"86.5",2455,"6.7",744932,672386,665489,624415,643396,666182,676914,662139,543807,"53.78",,,,,,,,46,2,"Slider",0,6,6,0,6,0,6,0,"Strategic","Standard",104,"0.002","-0.066",,,,,"0.066",,-6,6,0.021,0.979,30,33,30,33,1,2,,3,2,7,"3.29","-0.49","-0.49","54.4",,,,,
"FC","2024-06-01","92.1","-1.84","5.91","Schneider, Davis",676914,656605,,"ball",,,,,14,,"R","R","R","TOR","PIT","B",,,1,1,2024,"0.27","0.86",0.9941645711485175,1.7927361532328283,,,,0,1,"Bot",,,,,,,6.602334224429777,-134.04257159999594,-6.553903254638106,1.994792096800186,25.99258998871204,-20.585876542532954,3.13700466387965,1.49230460609514,,,,"92.4",2505,"6.2",744932,518735,656582,669707,663647,693304,668804,572191,658668,"54.28",,,,,,,,7,3,"Cutter",0,3,0,3,3,0,0,3,"Infield shade","Standard",203,"0.005","0.053",,,,,"-0.053",,-3,-3,0.266,0.266,28,25,28,25,1,0,7,1,6,1,"1.8","-0.27","-0.27","40.1",,,,,
"SI","2024-06-01","95.2","-1.7","5.02","Kirk, Alejandro",672386,682847,,"called_strike",,,,,4,,"R","R","R","TOR","PIT","S",,,0,0,2024,"-1.19","0.38",-0.30157907566307607,2.284565474135367,,,,1,7,"Bot",,,,,,,6.353871528900725,-138.40411843873395,-2.3196311467629176,-16.771461672037546,33.632812160720725,-27.027329394507156,3.04123152233752,1.45253955334423,,,,"95",2286,"6.4",744932,518735,656582,669707,663647,693304,668804,572191,658668,"54.1",,,,,,,,57,1,"Sinker",1,6,1,6,6,1,1,6,"Infield shade","Standard",230,"-0.001","-0.037",,,,,"0.037",,-5,-5,0.027,0.027,25,25,25,26,1,2,3,3,7,3,"2.16","1.19","1.19","17.5",,,,,
"SL","2024-06-01","86.4","2.28","5.52","McCutchen, Andrew",457705,579328,,"ball",,,,,13,,"R","R","L","TOR","PIT","B",,,2,0,2024,"-0.22","0.36",-1.1182289767933464,2.4407763001994303,,,,0,1,"Top",,,,,,,-7.718596330710397,-125.79141555114526,-1.9398642159944184,-0.9116021126887214,22.827677698806102,-28.114275743045088,3.42754693231255,1.67226023591343,,,,"87.5",2281,"6.7",744932,672386,665489,624415,643396,666182,676914,662139,543807,"53.75",,,,,,,,1,3,"Slider",0,0,0,0,0,0,0,0,"Infield shade","Standard",241,"-0.011","0.147",,,,,"-0.147",,0,0,0.489,0.511,33,37,33,38,1,0,6,1,5,1,"2.66","-0.22","0.22","45.3",,,,,
"SI","2024-06-01","95.2","1.76","5.92","McCutchen, Andrew",457705,663893,,"called_strike",,,,,5,,"R","R","L","TOR","PIT","S",,,0,0,2024,"1.35","0.08",0.1301551396144076,2.5064353704002,,,669707,1,9,"Top",,,,,,,-7.209642693814077,-138.55091609299492,-3.4755507357922006,19.03224717414424,29.96165397872355,-30.631601022605523,3.33973995502335,1.60846944045946,,,,"94.2",2181,"5.6",744932,672386,665489,624415,643396,666182,676914,662139,543807,"54.87",,,,,,,,67,1,"Sinker",1,6,6,1,6,1,6,1,"Standard","Standard",111,"0","-0.04",,,,,"0.04",,-5,5,0.006,0.994,27,37,28,38,1,4,28,1,2,1,"2.43","1.35","-1.35","32.3",,,,,
"FF","2024-06-01","92.9","-1.6","6.52","Taylor, Michael A.",572191,621114,,"foul",,,,,4,,"R","R","R","TOR","PIT","S",,,0,0,2024,"-0.08","1.34",-0.6182245848188104,2.6379449023336012,693304,,669707,1,6,"Top",,,,,,,2.7240170632248826,-135.29103512842715,-7.253369184132686,-1.5078536531560676,26.813655279882703,-14.376653390875468,3.55,1.63,255,"76.1",37,"94.6",2002,"7",744932,672386,665489,624415,643396,666182,676914,662139,543807,"53.46",,,,,,,,46,1,"4-Seam Fastball",0,6,6,0,6,0,6,0,"Strategic","Standard",195,"0.001","-0.045","73.0","7.5",,,"0.045","88.0",-6,6,0.02,0.98,30,33,30,33,1,2,,3,2,7,"1.28","0.08","0.08","59.1",15.166276169926643,-15.871880134959756,34.76744311993864,31.251066795654804,32.95552269590095
"SI","2024-06-01","95.1","-1.74","5.52","Hayes, Ke'Bryan",663647,647315,"field_out","hit_into_play",,,,,1,"Ke'Bryan Hayes lines out to second baseman Cavan Biggio.","R","R","R","TOR","PIT","X",4,"line_drive",1,1,2024,"-1.1","0.46",-0.7864454897734086,2.7905705579226714,,,,0,8,"Top",140.65,135.05,,,,,4.985947335119538,-138.48602331847616,-2.5534973366500306,-15.265944385029545,30.829667076092917,-25.84151912567841,3.26,1.55,169,"91.9",10,"95.4",2242,"6.4",744932,672386,665489,624415,643396,666182,676914,662139,543807,"54.06",0.645,0.58,"0",1,0,0,4,59,3,"Sinker",1,6,6,1,6,1,6,1,"Standard","Standard",231,"0.001","-0.243","69.6","6.0",,0.675,"0.243","91.9",-5,5,0.018,0.982,27,27,28,27,1,3,3,1,3,1,"2.05","1.1","1.1","29.8",2.807358383025747,13.161375357200017,20.624952386633318,28.080156254254696,28.589585484721432
"FC","2024-06-01","92.9","1.77","6.17","Taylor, Michael A.",572191,663893,"field_out","hit_into_play",,,,,7,"Michael A. Taylor lines out to third baseman Isiah Kiner-Falefa.","R","R","L","TOR","PIT","X",5,"line_drive",0,0,2024,"0.07","0.47",-0.529411983639189,1.769669963445346,,,669707,0,9,"Top",108.52,170.12,,,,,-5.992273018576482,-135.20044572786657,-6.485023392100879,2.108456204489342,27.763952932780096,-25.204270346094034,3.55,1.63,103,"97.3",6,"92.2",2315,"5.7",744932,672386,665489,624415,643396,666182,676914,662139,543807,"54.76",0.555,0.507,"0",1,0,0,4,66,1,"Cutter",1,6,6,1,6,1,6,1,"Standard","Standard",125,"0.001","-0.246","77.9","7.4",,0.62,"0.246","97.3",-5,5,0.005,0.995,27,33,28,33,1,3,28,3,2,7,"2.16","0.07","-0.07","40.6",18.304232785737216,0.6329649763517398,34.65068305781602,31.94138367593227,30.06958460377375
"SI","2024-06-01","95.6","-1.67","5.12","Kiner-Falefa, Isiah",643396,682847,"field_out","hit_into_play",,,,,5,"Isiah Kiner-Falefa grounds out, shortstop Nick Gonzales to first baseman Connor Joe.","R","R","R","TOR","PIT","X",6,"ground_ball",1,0,2024,"-1.17","0.7",-0.09916688644581062,2.2567635904252836,,,,0,7,"Bot",109.13,159.21,,,,,6.792593140698816,-139.09731113433347,-3.513094783116021,-16.65436495087856,31.518775502787715,-22.479952017060764,3.28,1.46,13,"93.6",-9,"95.8",2413,"6.4",744932,518735,656582,669707,663647,693304,668804,572191,658668,"54.08",0.208,0.217,"0",1,0,0,2,56,2,"Sinker",1,6,1,6,6,1,1,6,"Infield shade","Standard",224,"-0.014","-0.292","72.2","6.9",,0.23,"0.292","93.6",-5,-5,0.041,0.041,25,29,25,29,1,2,3,1,7,1,"1.8","1.17","1.17","19.6",2.6510860086533357,3.2153044655251026,33.797959250562535,32.88288358419507,31.209194581334515
"SL","2024-06-01","83.4","-1.82","6.43","Triolo, Jared",669707,621114,"fielders_choice","hit_into_play",,,,,7,"Jared Triolo reaches on a fielder's choice, fielded by shortstop Bo Bichette. Ke'Bryan Hayes scores. Nick Gonzales to 3rd. Throwing error by shortstop Bo Bichette.","R","R","R","TOR","PIT","X",6,"ground_ball",0,1,2024,"0.42","-0.21",-0.5543163290381234,2.2093035956187475,663647,693304,,1,6,"Top",110.95,164.06,,,,,2.1033218414491905,-121.61491377850115,-2.9513982222353023,3.838081775052485,21.651772352671816,-33.98590227135962,3.61,1.67,7,"97.3",-18,"84.9",2265,"7",744932,672386,665489,624415,643396,666182,676914,662139,543807,"53.53",0.177,0.165,"0.9",1,0,0,2,45,2,"Slider",0,5,5,0,6,0,6,0,"Strategic","Standard",105,"-0.014","0.494","67.5","6.9",,0.243,"-0.494","97.3",-5,5,0.034,0.966,30,26,30,26,1,2,,1,2,4,"3.45","-0.42","-0.42","58.0",-3.6040732536335063,2.6927822387441576,36.78492453073796,31.908866840437913,24.429434262097573
"SI","2024-06-01","95.3","-1.75","5.73","Hayes, Ke'Bryan",663647,647315,,"ball",,,,,11,,"R","R","R","TOR","PIT","B",,,0,1,2024,"-1.19","0.25",-0.9189509182269575,2.536515555352797,,,,0,8,"Top",,,,,,,4.859221473192547,-138.7384039011594,-3.3205829074696434,-16.392744440451004,31.77983323084473,-28.421988234362363,3.22851905155977,1.49962109677629,,,,"95.5",2264,"6.4",744932,672386,665489,624415,643396,666182,676914,662139,543807,"54.09",,,,,,,,59,2,"Sinker",1,6,6,1,6,1,6,1,"Standard","Standard",225,"0","0.025",,,,,"-0.025",,-5,5,0.018,0.982,27,27,28,27,1,3,3,1,3,1,"2.26","1.19","1.19","35.7",,,,,
"CU","2024-06-01","79.3","1.95","5.77","McCutchen, Andrew",457705,579328,,"ball",,,,,13,,"R","R","L","TOR","PIT","B",,,1,0,2024,"-0.53","-0.45",-1.1020369329117679,1.28289719958281,,,,0,1,"Top",,,,,,,-5.744356076355972,-115.54544976006741,-2.345255528963132,-3.8867015829976825,17.776483790470582,-36.08171665021201,3.42780309959562,1.63300825625743,,,,"80.7",2316,"6.8",744932,672386,665489,624415,643396,666182,676914,662139,543807,"53.7",,,,,,,,1,2,"Curveball",0,0,0,0,0,0,0,0,"Infield shade","Standard",324,"-0.007","0.069",,,,,"-0.069",,0,0,0.496,0.504,33,37,33,38,1,0,6,1,5,1,"4.02","-0.53","0.53","55.2",,,,,
"FF","2024-06-01","94.4","-1.89","5.82","Schneider, Davis",676914,656605,,"swinging_strike",,,,,6,,"R","R","R","TOR","PIT","S",,,1,0,2024,"-0.69","1.29",0.5373648918055555,2.3589560036041632,,,,0,1,"Bot",,,,,,,7.855556664595438,-137.33698719891305,-6.253439296023506,-10.270844916310518,26.386269187103544,-14.665038891998222,3.08,1.49,,,,"95",2417,"6.4",744932,518735,656582,669707,663647,693304,668804,572191,658668,"54.12",,,,,,,,7,2,"4-Seam Fastball",0,3,0,3,3,0,0,3,"Infield shade","Standard",216,"-0.005","-0.049","68.7","6.3","1.07408364",,"0.049",,-3,-3,0.271,0.271,28,25,28,25,1,0,7,1,6,1,"1.25","0.69","0.69","39.0",6.440431985613551,32.58662622861495,33.3386186594869,41.346672000476595,13.177331142787201
"SI","2024-06-01","94.3","1.89","5.93","Triolo, Jared",669707,663893,"single","hit_into_play",,,,,5,"Jared Triolo singles on a line drive to left fielder Davis Schneider.","R","R","L","TOR","PIT","X",7,"line_drive",0,0,2024,"1.49","0.36",0.056017779641793775,2.384144268565108,,,,0,9,"Top",52.55,109.01,,,,,-7.969367941256539,-137.1752356371763,-4.305657557942365,20.59317761602392,28.22263256346112,-26.888253006592365,3.61,1.67,257,"78.7",26,"93.5",2099,"5.7",744932,672386,665489,624415,643396,666182,676914,662139,543807,"54.81",0.324,0.301,"0.9",1,1,0,3,65,1,"Sinker",1,6,6,1,6,1,6,1,"Standard","Standard",118,"-0.001","0.448","70.3","8.2",,0.385,"-0.448","88.0",-5,5,0.006,0.994,27,26,28,26,1,3,28,1,2,4,"2.19","1.49","-1.49","35.3",15.80114605118579,-13.642018828940412,40.30150100990411,39.18768971215074,38.473709881028505
"FF","2024-06-01","95.6","2.54","5.5","McCutchen, Andrew",457705,579328,,"ball",,,,,12,,"R","R","L","TOR","PIT","B",,,0,0,2024,"0.64","1.39",1.4058496699998129,2.7152159212131255,,,,0,1,"Top",,,,,,,-4.482873725065937,-139.1244939599901,-4.909323941296276,9.296647507995857,29.79171442728549,-13.233650521921577,3.36613028377477,1.60566070638195,,,,"96.7",2203,"6.8",744932,672386,665489,624415,643396,666182,676914,662139,543807,"53.69",,,,,,,,1,1,"4-Seam Fastball",0,0,0,0,0,0,0,0,"Infield shade","Standard",143,"-0.004","0.038",,,,,"-0.038",,0,0,0.5,0.5,33,37,33,38,1,0,6,1,5,1,"1.1","0.64","-0.64","41.7",,,,,
"FF","2024-06-01","95","-2.03","5.8","Schneider, Davis",676914,656605,,"ball",,,,,11,,"R","R","R","TOR","PIT","B",,,0,0,2024,"-0.81","1.19",-1.1007643360610624,3.4662410747159944,,,,0,1,"Bot",,,,,,,4.254761708831797,-138.41605684521048,-3.187305159476547,-11.311661357567942,27.14484129560859,-16.33684557336073,3.08232346478162,1.47798318055084,,,,"95.6",2345,"6.3",744932,518735,656582,669707,663647,693304,668804,572191,658668,"54.19",,,,,,,,7,1,"4-Seam Fastball",0,3,0,3,3,0,0,3,"Infield shade","Standard",221,"0.004","0.038",,,,,"-0.038",,-3,-3,0.267,0.267,28,25,28,25,1,0,7,1,6,1,"1.31","0.81","0.81","36.3",,,,,
"SL","2024-06-01","85.5","-1.75","6.44","Triolo, Jared",669707,621114,,"swinging_strike",,,,,14,,"R","R","R","TOR","PIT","S",,,0,0,2024,"0.55","0.02",0.3084881755048761,1.3734698202073767,663647,693304,,1,6,"Top",,,,,,,3.7679323962158326,-124.61042511097943,-5.855760900935312,5.158147673771617,21.638646920102584,-31.11078653948387,3.61,1.67,,,,"86.7",2437,"6.7",744932,672386,665489,624415,643396,666182,676914,662139,543807,"53.84",,,,,,,,45,1,"Slider",0,5,5,0,5,0,5,0,"Strategic","Standard",122,"0.002","-0.054","66.7","9.4","7.766565648",,"0.054",,-5,5,0.032,0.968,30,26,30,26,1,2,,1,2,4,"3.05","-0.55","-0.55","59.5",29.14201171444479,-36.04618362538358,38.22704263088699,40.824923555174855,51.106448951007486
"SI","2024-06-01","94","-1.71","5.02","Kiner-Falefa, Isiah",643396,682847,,"ball",,,,,13,,"R","R","R","TOR","PIT","B",,,0,0,2024,"-1.16","0.57",-1.5111258233418625,2.1655905385353926,,,,0,7,"Bot",,,,,,,3.1193117723537744,-136.88448126348007,-2.941787904676574,-15.308362201815015,30.863401794127284,-24.608239708224335,3.21657455554852,1.4122655987113,,,,"94.5",2346,"6.6",744932,518735,656582,669707,663647,693304,668804,572191,658668,"53.93",,,,,,,,56,1,"Sinker",1,6,1,6,6,1,1,6,"Infield shade","Standard",228,"0.002","0.038",,,,,"-0.038",,-5,-5,0.039,0.039,25,29,25,29,1,2,3,1,7,1,"2.01","1.16","1.16","18.4",,,,,
"SI","2024-06-01","94.7","-1.76","5.54","Hayes, Ke'Bryan",663647,647315,,"foul",,,,,7,,"R","R","R","TOR","PIT","S",,,0,0,2024,"-1.22","0.39",-0.4784814100435184,1.6402855135560268,,,,0,8,"Top",,,,,,,6.079601773214929,-137.70675504245418,-5.364791799646139,-16.877035505377606,31.516145234348574,-26.170070972161522,3.26,1.55,5,"79.4",-19,"94.8",2302,"6.5",744932,672386,665489,624415,643396,666182,676914,662139,543807,"54.05",,,,,,,,59,1,"Sinker",1,6,6,1,6,1,6,1,"Standard","Standard",227,"0","-0.037","74.5","7.4",,,"0.037","88.0",-5,5,0.018,0.982,27,27,28,27,1,3,3,1,3,1,"2.16","1.22","1.22","27.5",8.908359972381035,-9.57701969484286,29.839488102167596,32.82706943860609,38.82443220269248